game_id,pfr_game_id,season,week,game_type,team,opponent,pfr_player_name,pfr_player_id,rushing_broken_tackles,receiving_broken_tackles,passing_drops,passing_drop_pct,receiving_drop,receiving_drop_pct,receiving_int,receiving_rat
2024_01_BAL_KC,202409050kan,2024,1,REG,KC,BAL,Rashee Rice,RiceRa01,,1,,,0,0,1,74.8
2024_01_BAL_KC,202409050kan,2024,1,REG,KC,BAL,Noah Gray,GrayNo00,,0,,,0,0,0,118.1
2024_01_BAL_KC,202409050kan,2024,1,REG,KC,BAL,Travis Kelce,KelcTr00,,0,,,1,0.25,0,100
2024_01_BAL_KC,202409050kan,2024,1,REG,KC,BAL,Isiah Pacheco,PachIs00,,1,,,1,0.333,0,103.5
2024_01_BAL_KC,202409050kan,2024,1,REG,KC,BAL,Xavier Worthy,WortXa00,,0,,,0,0,0,149.3
2024_01_BAL_KC,202409050kan,2024,1,REG,KC,BAL,Patrick Mahomes,MahoPa00,,0,,,0,0,0,79.2
2024_01_BAL_KC,202409050kan,2024,1,REG,KC,BAL,Samaje Perine,PeriSa00,,0,,,0,0,0,64.6
2024_01_BAL_KC,202409050kan,2024,1,REG,KC,BAL,Justin Watson,WatsJu01,,0,,,0,0,0,118.7
2024_01_BAL_KC,202409050kan,2024,1,REG,KC,BAL,JuJu Smith-Schuster,SmitJu00,,0,,,0,0,0,39.6
2024_01_BAL_KC,202409050kan,2024,1,REG,BAL,KC,Isaiah Likely,LikeIs00,,0,,,0,0,0,130.9
2024_01_BAL_KC,202409050kan,2024,1,REG,BAL,KC,Zay Flowers,FlowZa00,,0,,,0,0,0,67.5
2024_01_BAL_KC,202409050kan,2024,1,REG,BAL,KC,Justice Hill,HillJu00,,1,,,0,0,0,91.7
2024_01_BAL_KC,202409050kan,2024,1,REG,BAL,KC,Mark Andrews,AndrMa00,,0,,,0,0,0,95.8
2024_01_BAL_KC,202409050kan,2024,1,REG,BAL,KC,Rashod Bateman,BateRa00,,0,,,0,0,0,79.6
2024_01_BAL_KC,202409050kan,2024,1,REG,BAL,KC,Nelson Agholor,AghoNe00,,0,,,0,0,0,91.7
2024_01_BAL_KC,202409050kan,2024,1,REG,BAL,KC,Derrick Henry,HenrDe00,,0,,,0,0,0,39.6
2024_01_GB_PHI,202409060phi,2024,1,REG,PHI,GB,DeVonta Smith,SmitDe07,,0,,,0,0,1,70.8
2024_01_GB_PHI,202409060phi,2024,1,REG,PHI,GB,A.J. Brown,BrowAJ00,,0,,,0,0,1,87.1
2024_01_GB_PHI,202409060phi,2024,1,REG,PHI,GB,Dallas Goedert,GoedDa00,,0,,,0,0,0,92.5
2024_01_GB_PHI,202409060phi,2024,1,REG,PHI,GB,Saquon Barkley,BarkSa00,,0,,,0,0,0,154.2
2024_01_GB_PHI,202409060phi,2024,1,REG,PHI,GB,Grant Calcaterra,CalcGr00,,0,,,0,0,0,112.5
2024_01_GB_PHI,202409060phi,2024,1,REG,PHI,GB,Kenneth Gainwell,GainKe00,,2,,,0,0,0,108.3
2024_01_GB_PHI,202409060phi,2024,1,REG,PHI,GB,Jahan Dotson,DotsJa00,,0,,,0,0,0,39.6
2024_01_GB_PHI,202409060phi,2024,1,REG,PHI,GB,Johnny Wilson,WilsJo03,,0,,,0,0,0,39.6
2024_01_GB_PHI,202409060phi,2024,1,REG,GB,PHI,Romeo Doubs,DoubRo00,,0,,,1,0.143,0,79.5
2024_01_GB_PHI,202409060phi,2024,1,REG,GB,PHI,Jayden Reed,ReedJa03,,1,,,0,0,0,149.3
2024_01_GB_PHI,202409060phi,2024,1,REG,GB,PHI,Christian Watson,WatsCh00,,0,,,0,0,0,104.2
2024_01_GB_PHI,202409060phi,2024,1,REG,GB,PHI,Josh Jacobs,JacoJo01,,0,,,0,0,0,85.4
2024_01_GB_PHI,202409060phi,2024,1,REG,GB,PHI,Tucker Kraft,KrafTu00,,0,,,1,0.333,0,109
2024_01_GB_PHI,202409060phi,2024,1,REG,GB,PHI,Emanuel Wilson,WilsEm00,,0,,,0,0,0,70.1
2024_01_GB_PHI,202409060phi,2024,1,REG,GB,PHI,Luke Musgrave,MusgLu00,,0,,,0,0,1,0
2024_01_GB_PHI,202409060phi,2024,1,REG,GB,PHI,Dontayvion Wicks,WickDo00,,0,,,2,0.667,0,39.6
2024_01_PIT_ATL,202409080atl,2024,1,REG,ATL,PIT,Bijan Robinson,RobiBi01,,0,,,0,0,0,102.5
2024_01_PIT_ATL,202409080atl,2024,1,REG,ATL,PIT,Ray-Ray McCloud,McClRa00,,0,,,0,0,1,41.1
2024_01_PIT_ATL,202409080atl,2024,1,REG,ATL,PIT,Kyle Pitts,PittKy00,,0,,,0,0,0,142.4
2024_01_PIT_ATL,202409080atl,2024,1,REG,ATL,PIT,Drake London,LondDr00,,0,,,0,0,1,38.9
2024_01_PIT_ATL,202409080atl,2024,1,REG,ATL,PIT,Darnell Mooney,MoonDa00,,0,,,0,0,0,50.7
2024_01_PIT_ATL,202409080atl,2024,1,REG,ATL,PIT,Charlie Woerner,WoerCh00,,0,,,0,0,0,56.2
2024_01_PIT_ATL,202409080atl,2024,1,REG,PIT,ATL,George Pickens,PickGe00,,0,,,0,0,0,117.3
2024_01_PIT_ATL,202409080atl,2024,1,REG,PIT,ATL,Pat Freiermuth,FreiPa00,,0,,,0,0,0,94.8
2024_01_PIT_ATL,202409080atl,2024,1,REG,PIT,ATL,Jaylen Warren,WarrJa01,,2,,,0,0,0,93.7
2024_01_PIT_ATL,202409080atl,2024,1,REG,PIT,ATL,Calvin Austin,AustCa00,,0,,,0,0,0,58.3
2024_01_PIT_ATL,202409080atl,2024,1,REG,PIT,ATL,Najee Harris,HarrNa00,,0,,,0,0,0,62.5
2024_01_PIT_ATL,202409080atl,2024,1,REG,PIT,ATL,Van Jefferson,JeffVa00,,0,,,0,0,0,56.2
2024_01_PIT_ATL,202409080atl,2024,1,REG,PIT,ATL,MyCole Pruitt,PruiMy00,,0,,,0,0,0,62.5
2024_01_PIT_ATL,202409080atl,2024,1,REG,PIT,ATL,Darnell Washington,WashDa03,,0,,,0,0,0,87.5
2024_01_ARI_BUF,202409080buf,2024,1,REG,BUF,ARI,Keon Coleman,ColeKe02,,0,,,0,0,0,109.2
2024_01_ARI_BUF,202409080buf,2024,1,REG,BUF,ARI,Khalil Shakir,ShakKh00,,1,,,0,0,0,158.3
2024_01_ARI_BUF,202409080buf,2024,1,REG,BUF,ARI,James Cook,CookJa01,,0,,,0,0,0,111.1
2024_01_ARI_BUF,202409080buf,2024,1,REG,BUF,ARI,Mack Hollins,HollMa00,,0,,,0,0,0,158.3
2024_01_ARI_BUF,202409080buf,2024,1,REG,BUF,ARI,Curtis Samuel,SamuCu00,,0,,,0,0,0,97.9
2024_01_ARI_BUF,202409080buf,2024,1,REG,BUF,ARI,Dalton Kincaid,KincDa00,,0,,,0,0,0,66.7
2024_01_ARI_BUF,202409080buf,2024,1,REG,BUF,ARI,Dawson Knox,KnoxDa00,,0,,,0,0,0,91.7
2024_01_ARI_BUF,202409080buf,2024,1,REG,BUF,ARI,Ray Davis,DaviRa04,,0,,,0,0,0,118.7
2024_01_ARI_BUF,202409080buf,2024,1,REG,BUF,ARI,Marquez Valdes-Scantling,ValdMa00,,0,,,0,0,0,83.3
2024_01_ARI_BUF,202409080buf,2024,1,REG,BUF,ARI,Ty Johnson,JohnTy02,,0,,,0,0,0,39.6
2024_01_ARI_BUF,202409080buf,2024,1,REG,ARI,BUF,Greg Dortch,DortGr01,,1,,,1,0.125,0,89.1
2024_01_ARI_BUF,202409080buf,2024,1,REG,ARI,BUF,Trey McBride,McBrTr01,,0,,,1,0.111,0,62.3
2024_01_ARI_BUF,202409080buf,2024,1,REG,ARI,BUF,James Conner,ConnJa00,,1,,,0,0,0,99
2024_01_ARI_BUF,202409080buf,2024,1,REG,ARI,BUF,Emari Demercado,DemeEm00,,0,,,0,0,0,118.7
2024_01_ARI_BUF,202409080buf,2024,1,REG,ARI,BUF,Elijah Higgins,HiggEl00,,0,,,0,0,0,91.7
2024_01_ARI_BUF,202409080buf,2024,1,REG,ARI,BUF,Trey Benson,BensTr01,,0,,,0,0,0,87.5
2024_01_ARI_BUF,202409080buf,2024,1,REG,ARI,BUF,Michael Wilson,WilsMi02,,0,,,1,0.5,0,95.8
2024_01_ARI_BUF,202409080buf,2024,1,REG,ARI,BUF,Marvin Harrison Jr.,HarrMa09,,0,,,1,0.333,0,42.4
2024_01_TEN_CHI,202409080chi,2024,1,REG,CHI,TEN,D.J. Moore,MoorD.00,,1,,,0,0,0,72.9
2024_01_TEN_CHI,202409080chi,2024,1,REG,CHI,TEN,Keenan Allen,AlleKe00,,0,,,1,0.091,0,44.9
2024_01_TEN_CHI,202409080chi,2024,1,REG,CHI,TEN,DeAndre Carter,CartDe02,,0,,,0,0,0,56.2
2024_01_TEN_CHI,202409080chi,2024,1,REG,CHI,TEN,Gerald Everett,EverGe00,,0,,,0,0,0,79.2
2024_01_TEN_CHI,202409080chi,2024,1,REG,CHI,TEN,Velus Jones Jr.,JoneVe00,,0,,,0,0,0,100
2024_01_TEN_CHI,202409080chi,2024,1,REG,CHI,TEN,Cole Kmet,KmetCo00,,0,,,0,0,0,83.3
2024_01_TEN_CHI,202409080chi,2024,1,REG,CHI,TEN,Rome Odunze,OdunRo00,,0,,,0,0,0,39.6
2024_01_TEN_CHI,202409080chi,2024,1,REG,CHI,TEN,D'Andre Swift,SwifDA00,,0,,,0,0,0,39.6
2024_01_TEN_CHI,202409080chi,2024,1,REG,TEN,CHI,Tyjae Spears,SpeaTy00,,0,,,0,0,0,79.2
2024_01_TEN_CHI,202409080chi,2024,1,REG,TEN,CHI,Tyler Boyd,BoydTy00,,0,,,0,0,1,27.5
2024_01_TEN_CHI,202409080chi,2024,1,REG,TEN,CHI,Tony Pollard,PollTo00,,0,,,1,0.25,0,77.1
2024_01_TEN_CHI,202409080chi,2024,1,REG,TEN,CHI,Calvin Ridley,RidlCa00,,0,,,0,0,0,67.6
2024_01_TEN_CHI,202409080chi,2024,1,REG,TEN,CHI,Chigoziem Okonkwo,OkonCh00,,0,,,0,0,0,137.5
2024_01_TEN_CHI,202409080chi,2024,1,REG,TEN,CHI,Nick Vannett,VannNi00,,0,,,0,0,0,89.6
2024_01_TEN_CHI,202409080chi,2024,1,REG,TEN,CHI,Treylon Burks,BurkTr00,,1,,,1,0.5,0,56.2
2024_01_TEN_CHI,202409080chi,2024,1,REG,TEN,CHI,DeAndre Hopkins,HopkDe00,,0,,,0,0,0,100
2024_01_NE_CIN,202409080cin,2024,1,REG,CIN,NE,Ja'Marr Chase,ChasJa00,,0,,,0,0,0,109.7
2024_01_NE_CIN,202409080cin,2024,1,REG,CIN,NE,Chase Brown,BrowCh10,,0,,,0,0,0,83.3
2024_01_NE_CIN,202409080cin,2024,1,REG,CIN,NE,Mike Gesicki,GesiMi00,,0,,,0,0,0,83.3
2024_01_NE_CIN,202409080cin,2024,1,REG,CIN,NE,Andrei Iosivas,IosiAn00,,0,,,0,0,0,61.8
2024_01_NE_CIN,202409080cin,2024,1,REG,CIN,NE,Tanner Hudson,HudsTa00,,0,,,0,0,0,82.6
2024_01_NE_CIN,202409080cin,2024,1,REG,CIN,NE,Zack Moss,MossZa00,,0,,,1,0.25,0,61.5
2024_01_NE_CIN,202409080cin,2024,1,REG,CIN,NE,Trenton Irwin,IrwiTr00,,0,,,0,0,0,56.2
2024_01_NE_CIN,202409080cin,2024,1,REG,CIN,NE,Charlie Jones,JoneCh11,,0,,,0,0,0,87.5
2024_01_NE_CIN,202409080cin,2024,1,REG,NE,CIN,K.J. Osborn,OsboKJ00,,0,,,0,0,0,58.3
2024_01_NE_CIN,202409080cin,2024,1,REG,NE,CIN,Rhamondre Stevenson,StevRh00,,0,,,0,0,0,79.2
2024_01_NE_CIN,202409080cin,2024,1,REG,NE,CIN,Demario Douglas,DougDe00,,0,,,0,0,0,74.3
2024_01_NE_CIN,202409080cin,2024,1,REG,NE,CIN,Hunter Henry,HenrHu00,,0,,,0,0,0,82.6
2024_01_NE_CIN,202409080cin,2024,1,REG,NE,CIN,Austin Hooper,HoopAu00,,0,,,0,0,0,76
2024_01_NE_CIN,202409080cin,2024,1,REG,NE,CIN,Tyquan Thornton,ThorTy00,,0,,,0,0,0,95.1
2024_01_NE_CIN,202409080cin,2024,1,REG,NE,CIN,Ja'Lynn Polk,PolkJa00,,0,,,0,0,0,91.7
2024_01_HOU_IND,202409080clt,2024,1,REG,IND,HOU,Michael Pittman Jr.,PittMi01,,0,,,0,0,0,59.9
2024_01_HOU_IND,202409080clt,2024,1,REG,IND,HOU,Alec Pierce,PierAl00,,0,,,0,0,0,158.3
2024_01_HOU_IND,202409080clt,2024,1,REG,IND,HOU,Ashton Dulin,DuliAs00,,1,,,0,0,0,158.3
2024_01_HOU_IND,202409080clt,2024,1,REG,IND,HOU,Adonai Mitchell,MitcAd00,,0,,,0,0,0,39.6
2024_01_HOU_IND,202409080clt,2024,1,REG,IND,HOU,Mo Alie-Cox,AlieMo00,,0,,,0,0,0,39.6
2024_01_HOU_IND,202409080clt,2024,1,REG,IND,HOU,Kylen Granson,GranKy00,,0,,,0,0,1,0
2024_01_HOU_IND,202409080clt,2024,1,REG,HOU,IND,Nico Collins,CollNi00,,0,,,1,0.125,0,116.7
2024_01_HOU_IND,202409080clt,2024,1,REG,HOU,IND,Stefon Diggs,DiggSt00,,0,,,0,0,0,129.2
2024_01_HOU_IND,202409080clt,2024,1,REG,HOU,IND,Tank Dell,DellNa00,,0,,,0,0,0,61.6
2024_01_HOU_IND,202409080clt,2024,1,REG,HOU,IND,Joe Mixon,MixoJo00,,1,,,0,0,0,93.1
2024_01_HOU_IND,202409080clt,2024,1,REG,HOU,IND,Dalton Schultz,SchuDa00,,0,,,0,0,0,88.9
2024_01_HOU_IND,202409080clt,2024,1,REG,HOU,IND,Xavier Hutchinson,HutcXa00,,0,,,0,0,0,79.2
2024_01_HOU_IND,202409080clt,2024,1,REG,HOU,IND,Brevin Jordan,JordBr00,,0,,,0,0,0,56.2
2024_01_HOU_IND,202409080clt,2024,1,REG,HOU,IND,Dare Ogunbowale,OgunDa00,,0,,,0,0,0,79.2
2024_01_JAX_MIA,202409080mia,2024,1,REG,MIA,JAX,De'Von Achane,AchaDe00,,1,,,0,0,0,111.9
2024_01_JAX_MIA,202409080mia,2024,1,REG,MIA,JAX,Tyreek Hill,HillTy00,,1,,,0,0,0,123.6
2024_01_JAX_MIA,202409080mia,2024,1,REG,MIA,JAX,Jaylen Waddle,WaddJa00,,0,,,0,0,0,118.7
2024_01_JAX_MIA,202409080mia,2024,1,REG,MIA,JAX,Raheem Mostert,MostRa00,,1,,,0,0,0,71.5
2024_01_JAX_MIA,202409080mia,2024,1,REG,MIA,JAX,Julian Hill,HillJu02,,0,,,0,0,0,91.7
2024_01_JAX_MIA,202409080mia,2024,1,REG,MIA,JAX,Jonnu Smith,SmitJo01,,0,,,1,0.5,0,58.3
2024_01_JAX_MIA,202409080mia,2024,1,REG,MIA,JAX,Braxton Berrios,BerrBr00,,0,,,0,0,0,39.6
2024_01_JAX_MIA,202409080mia,2024,1,REG,MIA,JAX,Alec Ingold,IngoAl01,,0,,,0,0,0,39.6
2024_01_JAX_MIA,202409080mia,2024,1,REG,MIA,JAX,Durham Smythe,SmytDu00,,0,,,0,0,0,39.6
2024_01_JAX_MIA,202409080mia,2024,1,REG,JAX,MIA,Brian Thomas,ThomBr06,,0,,,0,0,0,155.2
2024_01_JAX_MIA,202409080mia,2024,1,REG,JAX,MIA,Gabriel Davis,DaviGa01,,0,,,0,0,0,118.7
2024_01_JAX_MIA,202409080mia,2024,1,REG,JAX,MIA,Travis Etienne,EtieTr00,,0,,,0,0,0,78.5
2024_01_JAX_MIA,202409080mia,2024,1,REG,JAX,MIA,Evan Engram,EngrEv00,,0,,,0,0,0,39.6
2024_01_JAX_MIA,202409080mia,2024,1,REG,JAX,MIA,Christian Kirk,KirkCh01,,0,,,0,0,0,58.3
2024_01_JAX_MIA,202409080mia,2024,1,REG,JAX,MIA,Parker Washington,WashPa01,,1,,,0,0,0,79.2
2024_01_CAR_NO,202409080nor,2024,1,REG,NO,CAR,Alvin Kamara,KamaAl00,,1,,,0,0,0,89.2
2024_01_CAR_NO,202409080nor,2024,1,REG,NO,CAR,Foster Moreau,MoreFo00,,0,,,0,0,0,151
2024_01_CAR_NO,202409080nor,2024,1,REG,NO,CAR,Rashid Shaheed,ShahRa00,,0,,,0,0,0,143.7
2024_01_CAR_NO,202409080nor,2024,1,REG,NO,CAR,Chris Olave,OlavCh00,,0,,,0,0,0,89.6
2024_01_CAR_NO,202409080nor,2024,1,REG,NO,CAR,Juwan Johnson,JohnJu02,,0,,,0,0,0,133.3
2024_01_CAR_NO,202409080nor,2024,1,REG,NO,CAR,Taysom Hill,HillTa00,,0,,,0,0,0,56.2
2024_01_CAR_NO,202409080nor,2024,1,REG,NO,CAR,Mason Tipton,TiptMa00,,0,,,0,0,0,91.7
2024_01_CAR_NO,202409080nor,2024,1,REG,NO,CAR,Jamaal Williams,WillJa06,,0,,,0,0,0,118.7
2024_01_CAR_NO,202409080nor,2024,1,REG,NO,CAR,Bub Means,MeanBu00,,0,,,0,0,0,39.6
2024_01_CAR_NO,202409080nor,2024,1,REG,CAR,NO,Xavier Legette,LegeXa00,,0,,,0,0,0,70.5
2024_01_CAR_NO,202409080nor,2024,1,REG,CAR,NO,Adam Thielen,ThieAd00,,0,,,0,0,1,76
2024_01_CAR_NO,202409080nor,2024,1,REG,CAR,NO,Diontae Johnson,JohnDi01,,0,,,0,0,1,3.5
2024_01_CAR_NO,202409080nor,2024,1,REG,CAR,NO,Jonathan Mingo,MingJo00,,0,,,1,0.2,0,68.7
2024_01_CAR_NO,202409080nor,2024,1,REG,CAR,NO,David Moore,MoorDa03,,0,,,0,0,0,49.3
2024_01_CAR_NO,202409080nor,2024,1,REG,CAR,NO,Ja'Tavion Sanders,SandJa01,,0,,,0,0,0,83.3
2024_01_CAR_NO,202409080nor,2024,1,REG,CAR,NO,Jordan Matthews,MattJo00,,0,,,0,0,0,39.6
2024_01_CAR_NO,202409080nor,2024,1,REG,CAR,NO,Miles Sanders,SandMi01,,0,,,0,0,0,39.6
2024_01_MIN_NYG,202409080nyg,2024,1,REG,NYG,MIN,Wan'Dale Robinson,RobiWa01,,1,,,0,0,1,24.3
2024_01_MIN_NYG,202409080nyg,2024,1,REG,NYG,MIN,Malik Nabers,NabeMa00,,0,,,1,0.143,0,100.9
2024_01_MIN_NYG,202409080nyg,2024,1,REG,NYG,MIN,Devin Singletary,SingDe00,,1,,,1,0.2,0,79.2
2024_01_MIN_NYG,202409080nyg,2024,1,REG,NYG,MIN,Darius Slayton,SlayDa01,,0,,,0,0,1,52.1
2024_01_MIN_NYG,202409080nyg,2024,1,REG,NYG,MIN,Tyrone Tracy,TracTy00,,0,,,1,0.333,0,42.4
2024_01_MIN_NYG,202409080nyg,2024,1,REG,NYG,MIN,Theo Johnson,JohnTh00,,0,,,1,0.25,0,45.8
2024_01_MIN_NYG,202409080nyg,2024,1,REG,NYG,MIN,Eric Gray,GrayEr01,,0,,,0,0,0,104.2
2024_01_MIN_NYG,202409080nyg,2024,1,REG,NYG,MIN,Daniel Bellinger,BellDa00,,0,,,0,0,0,79.2
2024_01_MIN_NYG,202409080nyg,2024,1,REG,NYG,MIN,Jalin Hyatt,HyatJa00,,0,,,1,1,0,39.6
2024_01_MIN_NYG,202409080nyg,2024,1,REG,MIN,NYG,Justin Jefferson,JeffJu00,,0,,,0,0,0,138.2
2024_01_MIN_NYG,202409080nyg,2024,1,REG,MIN,NYG,Jordan Addison,AddiJo00,,0,,,0,0,0,101
2024_01_MIN_NYG,202409080nyg,2024,1,REG,MIN,NYG,Ty Chandler,ChanTy01,,0,,,0,0,0,101.4
2024_01_MIN_NYG,202409080nyg,2024,1,REG,MIN,NYG,C.J. Ham,HamxC.00,,0,,,0,0,0,89.6
2024_01_MIN_NYG,202409080nyg,2024,1,REG,MIN,NYG,Aaron Jones,JoneAa00,,0,,,0,0,0,97.9
2024_01_MIN_NYG,202409080nyg,2024,1,REG,MIN,NYG,Johnny Mundt,MundJo00,,0,,,0,0,0,78.5
2024_01_MIN_NYG,202409080nyg,2024,1,REG,MIN,NYG,Josh Oliver,OlivJo00,,0,,,0,0,0,118.7
2024_01_MIN_NYG,202409080nyg,2024,1,REG,MIN,NYG,Jalen Nailor,NailJa00,,0,,,0,0,0,158.3
2024_01_LV_LAC,202409080sdg,2024,1,REG,LAC,LV,Ladd McConkey,McCoLa00,,2,,,0,0,0,124.4
2024_01_LV_LAC,202409080sdg,2024,1,REG,LAC,LV,J.K. Dobbins,DobbJK00,,0,,,0,0,0,79.2
2024_01_LV_LAC,202409080sdg,2024,1,REG,LAC,LV,Quentin Johnston,JohnQu02,,2,,,1,0.2,0,83.7
2024_01_LV_LAC,202409080sdg,2024,1,REG,LAC,LV,Hayden Hurst,HursHa00,,0,,,0,0,0,103.5
2024_01_LV_LAC,202409080sdg,2024,1,REG,LAC,LV,Josh Palmer,PalmJo00,,0,,,1,0.25,0,59.4
2024_01_LV_LAC,202409080sdg,2024,1,REG,LAC,LV,Will Dissly,DissWi00,,0,,,0,0,0,118.7
2024_01_LV_LAC,202409080sdg,2024,1,REG,LAC,LV,Gus Edwards,EdwaGu00,,0,,,0,0,0,79.2
2024_01_LV_LAC,202409080sdg,2024,1,REG,LAC,LV,Scott Matlock,MatlSc00,,0,,,1,1,0,39.6
2024_01_LV_LAC,202409080sdg,2024,1,REG,LV,LAC,Brock Bowers,BoweBr01,,0,,,0,0,0,94.8
2024_01_LV_LAC,202409080sdg,2024,1,REG,LV,LAC,Davante Adams,AdamDa01,,0,,,0,0,0,107.6
2024_01_LV_LAC,202409080sdg,2024,1,REG,LV,LAC,Alexander Mattison,MattAl01,,3,,,0,0,1,87.5
2024_01_LV_LAC,202409080sdg,2024,1,REG,LV,LAC,Jakobi Meyers,MeyeJa01,,0,,,0,0,0,118.7
2024_01_LV_LAC,202409080sdg,2024,1,REG,LV,LAC,Michael Mayer,MayeMi00,,0,,,0,0,0,70.1
2024_01_LV_LAC,202409080sdg,2024,1,REG,LV,LAC,Tre Tucker,TuckTr00,,1,,,0,0,0,88.2
2024_01_LV_LAC,202409080sdg,2024,1,REG,LV,LAC,Zamir White,WhitZa01,,0,,,0,0,0,79.2
2024_01_LV_LAC,202409080sdg,2024,1,REG,LV,LAC,DJ Turner,TurnDJ00,,1,,,0,0,0,104.2
2024_01_DEN_SEA,202409080sea,2024,1,REG,SEA,DEN,Tyler Lockett,LockTy00,,1,,,0,0,1,72.9
2024_01_DEN_SEA,202409080sea,2024,1,REG,SEA,DEN,D.K. Metcalf,MetcDK00,,0,,,0,0,0,94.8
2024_01_DEN_SEA,202409080sea,2024,1,REG,SEA,DEN,Zach Charbonnet,CharZa00,,0,,,0,0,0,137.5
2024_01_DEN_SEA,202409080sea,2024,1,REG,SEA,DEN,Kenneth Walker III,WalkKe00,,0,,,0,0,0,70.1
2024_01_DEN_SEA,202409080sea,2024,1,REG,SEA,DEN,Jaxon Smith-Njigba,SmitJa06,,0,,,0,0,0,106.2
2024_01_DEN_SEA,202409080sea,2024,1,REG,SEA,DEN,Noah Fant,FantNo00,,0,,,0,0,0,56.2
2024_01_DEN_SEA,202409080sea,2024,1,REG,SEA,DEN,Laviska Shenault Jr.,ShenLa00,,0,,,0,0,0,79.2
2024_01_DEN_SEA,202409080sea,2024,1,REG,SEA,DEN,Dareke Young,YounDa02,,0,,,0,0,0,39.6
2024_01_DEN_SEA,202409080sea,2024,1,REG,DEN,SEA,Devaughn Vele,VeleDe00,,0,,,0,0,0,87
2024_01_DEN_SEA,202409080sea,2024,1,REG,DEN,SEA,Jaleel McLaughlin,McLaJa00,,0,,,0,0,0,79.2
2024_01_DEN_SEA,202409080sea,2024,1,REG,DEN,SEA,Josh Reynolds,ReynJo00,,0,,,0,0,0,77.6
2024_01_DEN_SEA,202409080sea,2024,1,REG,DEN,SEA,Courtland Sutton,SuttCo00,,0,,,0,0,2,3.5
2024_01_DEN_SEA,202409080sea,2024,1,REG,DEN,SEA,Greg Dulcich,DulcGr00,,0,,,0,0,0,74.3
2024_01_DEN_SEA,202409080sea,2024,1,REG,DEN,SEA,Michael Burton,BurtMi00,,0,,,0,0,0,79.2
2024_01_DEN_SEA,202409080sea,2024,1,REG,DEN,SEA,Javonte Williams,WillJa10,,0,,,0,0,0,56.2
2024_01_DEN_SEA,202409080sea,2024,1,REG,DEN,SEA,Lil'Jordan Humphrey,HumpLi01,,0,,,1,1,0,39.6
2024_01_DEN_SEA,202409080sea,2024,1,REG,DEN,SEA,Marvin Mims,MimsMa00,,0,,,0,0,0,39.6
2024_01_DEN_SEA,202409080sea,2024,1,REG,DEN,SEA,Adam Trautman,TrauAd00,,0,,,1,1,0,39.6
2024_01_DAL_CLE,202409080cle,2024,1,REG,CLE,DAL,Jerome Ford,FordJe00,,0,,,0,0,0,81.5
2024_01_DAL_CLE,202409080cle,2024,1,REG,CLE,DAL,David Njoku,NjokDa00,,0,,,1,0.2,0,103.3
2024_01_DAL_CLE,202409080cle,2024,1,REG,CLE,DAL,Jerry Jeudy,JeudJe00,,0,,,0,0,0,85.9
2024_01_DAL_CLE,202409080cle,2024,1,REG,CLE,DAL,Elijah Moore,MoorEl00,,0,,,2,0.333,2,16.7
2024_01_DAL_CLE,202409080cle,2024,1,REG,CLE,DAL,Jordan Akins,AkinJo00,,0,,,0,0,0,92.7
2024_01_DAL_CLE,202409080cle,2024,1,REG,CLE,DAL,Pierre Strong,StroPi00,,1,,,1,0.333,0,85.4
2024_01_DAL_CLE,202409080cle,2024,1,REG,CLE,DAL,Amari Cooper,CoopAm00,,0,,,1,0.111,0,39.6
2024_01_DAL_CLE,202409080cle,2024,1,REG,CLE,DAL,Cedric Tillman,TillCe01,,0,,,0,0,0,79.2
2024_01_DAL_CLE,202409080cle,2024,1,REG,DAL,CLE,CeeDee Lamb,LambCe00,,2,,,1,0.1,0,69.2
2024_01_DAL_CLE,202409080cle,2024,1,REG,DAL,CLE,Brandin Cooks,CookBr00,,0,,,0,0,0,113.1
2024_01_DAL_CLE,202409080cle,2024,1,REG,DAL,CLE,Jake Ferguson,FergJa00,,0,,,0,0,0,64.6
2024_01_DAL_CLE,202409080cle,2024,1,REG,DAL,CLE,Ezekiel Elliott,ElliEz00,,1,,,0,0,0,85.4
2024_01_DAL_CLE,202409080cle,2024,1,REG,DAL,CLE,Hunter Luepke,LuepHu00,,0,,,0,0,0,104.2
2024_01_DAL_CLE,202409080cle,2024,1,REG,DAL,CLE,Jalen Brooks,BrooJa03,,1,,,0,0,0,118.7
2024_01_DAL_CLE,202409080cle,2024,1,REG,DAL,CLE,Jalen Tolbert,TolbJa00,,0,,,0,0,0,68.7
2024_01_DAL_CLE,202409080cle,2024,1,REG,DAL,CLE,Rico Dowdle,DowdRi01,,0,,,0,0,0,91.7
2024_01_DAL_CLE,202409080cle,2024,1,REG,DAL,CLE,KaVontae Turpin,TurpKa00,,0,,,1,1,0,39.6
2024_01_WAS_TB,202409080tam,2024,1,REG,TB,WAS,Chris Godwin,GodwCh00,,0,,,0,0,0,149.5
2024_01_WAS_TB,202409080tam,2024,1,REG,TB,WAS,Rachaad White,WhitRa01,,1,,,0,0,0,118.7
2024_01_WAS_TB,202409080tam,2024,1,REG,TB,WAS,Mike Evans,EvanMi00,,0,,,0,0,0,148.6
2024_01_WAS_TB,202409080tam,2024,1,REG,TB,WAS,Bucky Irving,IrviBu00,,0,,,0,0,0,77.1
2024_01_WAS_TB,202409080tam,2024,1,REG,TB,WAS,Jalen McMillan,McMiJa01,,0,,,1,0.333,0,113.9
2024_01_WAS_TB,202409080tam,2024,1,REG,TB,WAS,Cade Otton,OttoCa00,,0,,,0,0,0,56.2
2024_01_WAS_TB,202409080tam,2024,1,REG,TB,WAS,Trey Palmer,PalmTr00,,0,,,0,0,0,83.3
2024_01_WAS_TB,202409080tam,2024,1,REG,WAS,TB,Austin Ekeler,EkelAu00,,2,,,0,0,0,118.7
2024_01_WAS_TB,202409080tam,2024,1,REG,WAS,TB,Zach Ertz,ErtzZa00,,0,,,0,0,0,93.7
2024_01_WAS_TB,202409080tam,2024,1,REG,WAS,TB,Luke McCaffrey,McCaLu00,,0,,,0,0,0,91.7
2024_01_WAS_TB,202409080tam,2024,1,REG,WAS,TB,Brian Robinson Jr.,RobiBr01,,1,,,0,0,0,115.6
2024_01_WAS_TB,202409080tam,2024,1,REG,WAS,TB,Terry McLaurin,McLaTe00,,0,,,0,0,0,61.5
2024_01_WAS_TB,202409080tam,2024,1,REG,WAS,TB,Jamison Crowder,CrowJa00,,0,,,0,0,0,87.5
2024_01_WAS_TB,202409080tam,2024,1,REG,WAS,TB,Olamide Zaccheaus,ZaccOl01,,0,,,1,0.333,0,50.7
2024_01_WAS_TB,202409080tam,2024,1,REG,WAS,TB,John Bates,BateJo00,,0,,,0,0,0,39.6
2024_01_LA_DET,202409080det,2024,1,REG,DET,LA,Jameson Williams,WillJa11,,1,,,0,0,0,137.5
2024_01_LA_DET,202409080det,2024,1,REG,DET,LA,Jahmyr Gibbs,GibbJa01,,0,,,1,0.167,0,81.2
2024_01_LA_DET,202409080det,2024,1,REG,DET,LA,Sam LaPorta,LaPoSa01,,0,,,0,0,0,104.2
2024_01_LA_DET,202409080det,2024,1,REG,DET,LA,Amon-Ra St. Brown,StxxAm00,,1,,,2,0.333,1,16.7
2024_01_LA_DET,202409080det,2024,1,REG,DET,LA,David Montgomery,MontDa01,,0,,,0,0,0,79.2
2024_01_LA_DET,202409080det,2024,1,REG,DET,LA,Brock Wright,WrigBr01,,0,,,0,0,0,79.2
2024_01_LA_DET,202409080det,2024,1,REG,LA,DET,Cooper Kupp,KuppCo00,,1,,,1,0.048,0,95.3
2024_01_LA_DET,202409080det,2024,1,REG,LA,DET,Tyler Johnson,JohnTy00,,0,,,1,0.143,1,69
2024_01_LA_DET,202409080det,2024,1,REG,LA,DET,Puka Nacua,NacuPu00,,0,,,0,0,0,103.1
2024_01_LA_DET,202409080det,2024,1,REG,LA,DET,Colby Parkinson,ParkCo02,,0,,,1,0.2,0,105.8
2024_01_LA_DET,202409080det,2024,1,REG,LA,DET,Demarcus Robinson,RobiDe01,,0,,,0,0,0,74.7
2024_01_LA_DET,202409080det,2024,1,REG,LA,DET,Kyren Williams,WillKy02,,0,,,0,0,0,79.2
2024_01_LA_DET,202409080det,2024,1,REG,LA,DET,Davis Allen,AlleDa02,,0,,,1,1,0,39.6
2024_01_NYJ_SF,202409090sfo,2024,1,REG,SF,NYJ,Jauan Jennings,JennJa00,,0,,,0,0,0,118.7
2024_01_NYJ_SF,202409090sfo,2024,1,REG,SF,NYJ,Deebo Samuel,SamuDe00,,1,,,0,0,0,73.4
2024_01_NYJ_SF,202409090sfo,2024,1,REG,SF,NYJ,George Kittle,KittGe00,,0,,,0,0,0,100
2024_01_NYJ_SF,202409090sfo,2024,1,REG,SF,NYJ,Brandon Aiyuk,AiyuBr00,,0,,,1,0.2,0,58.7
2024_01_NYJ_SF,202409090sfo,2024,1,REG,SF,NYJ,Kyle Juszczyk,JuszKy00,,0,,,0,0,0,109.7
2024_01_NYJ_SF,202409090sfo,2024,1,REG,SF,NYJ,Jordan Mason,MasoJo00,,0,,,0,0,0,87.5
2024_01_NYJ_SF,202409090sfo,2024,1,REG,SF,NYJ,Eric Saubert,SaubEr00,,0,,,0,0,0,39.6
2024_01_NYJ_SF,202409090sfo,2024,1,REG,NYJ,SF,Allen Lazard,LazaAl00,,0,,,0,0,0,138.4
2024_01_NYJ_SF,202409090sfo,2024,1,REG,NYJ,SF,Garrett Wilson,WilsGa00,,0,,,1,0.091,1,32.4
2024_01_NYJ_SF,202409090sfo,2024,1,REG,NYJ,SF,Breece Hall,HallBr03,,1,,,1,0.167,0,93.7
2024_01_NYJ_SF,202409090sfo,2024,1,REG,NYJ,SF,Braelon Allen,AlleBr05,,0,,,0,0,0,104.2
2024_01_NYJ_SF,202409090sfo,2024,1,REG,NYJ,SF,Tyler Conklin,ConkTy00,,0,,,0,0,0,56.2
2024_02_BUF_MIA,202409120mia,2024,2,REG,MIA,BUF,De'Von Achane,AchaDe00,,0,,,0,0,0,147.3
2024_02_BUF_MIA,202409120mia,2024,2,REG,MIA,BUF,Jonnu Smith,SmitJo01,,1,,,0,0,0,98.2
2024_02_BUF_MIA,202409120mia,2024,2,REG,MIA,BUF,Jaylen Waddle,WaddJa00,,0,,,0,0,0,109.4
2024_02_BUF_MIA,202409120mia,2024,2,REG,MIA,BUF,Tyreek Hill,HillTy00,,0,,,0,0,0,60.4
2024_02_BUF_MIA,202409120mia,2024,2,REG,MIA,BUF,Jeff Wilson,WilsJe01,,0,,,0,0,0,91.7
2024_02_BUF_MIA,202409120mia,2024,2,REG,MIA,BUF,Durham Smythe,SmytDu00,,0,,,0,0,0,100
2024_02_BUF_MIA,202409120mia,2024,2,REG,MIA,BUF,Grant Dubose,DuboGr00,,0,,,0,0,1,8.3
2024_02_BUF_MIA,202409120mia,2024,2,REG,MIA,BUF,Robbie Chosen,AndeRo04,,0,,,0,0,1,0
2024_02_BUF_MIA,202409120mia,2024,2,REG,MIA,BUF,Julian Hill,HillJu02,,0,,,1,0.5,0,39.6
2024_02_BUF_MIA,202409120mia,2024,2,REG,MIA,BUF,Braxton Berrios,BerrBr00,,0,,,0,0,0,39.6
2024_02_BUF_MIA,202409120mia,2024,2,REG,BUF,MIA,Khalil Shakir,ShakKh00,,0,,,0,0,0,111.7
2024_02_BUF_MIA,202409120mia,2024,2,REG,BUF,MIA,Dalton Kincaid,KincDa00,,2,,,0,0,0,101
2024_02_BUF_MIA,202409120mia,2024,2,REG,BUF,MIA,James Cook,CookJa01,,0,,,0,0,0,158.3
2024_02_BUF_MIA,202409120mia,2024,2,REG,BUF,MIA,Ray Davis,DaviRa04,,0,,,0,0,0,79.2
2024_02_BUF_MIA,202409120mia,2024,2,REG,BUF,MIA,Ty Johnson,JohnTy02,,0,,,0,0,0,95.8
2024_02_BUF_MIA,202409120mia,2024,2,REG,BUF,MIA,Curtis Samuel,SamuCu00,,0,,,0,0,0,56.2
2024_02_BUF_MIA,202409120mia,2024,2,REG,BUF,MIA,Keon Coleman,ColeKe02,,0,,,0,0,0,39.6
2024_02_BUF_MIA,202409120mia,2024,2,REG,BUF,MIA,Marquez Valdes-Scantling,ValdMa00,,0,,,0,0,0,39.6
2024_02_BUF_MIA,202409120mia,2024,2,REG,BUF,MIA,Mack Hollins,HollMa00,,0,,,0,0,0,39.6
2024_02_LV_BAL,202409150rav,2024,2,REG,BAL,LV,Zay Flowers,FlowZa00,,1,,,0,0,0,119.9
2024_02_LV_BAL,202409150rav,2024,2,REG,BAL,LV,Mark Andrews,AndrMa00,,0,,,0,0,0,109.2
2024_02_LV_BAL,202409150rav,2024,2,REG,BAL,LV,Rashod Bateman,BateRa00,,0,,,0,0,1,66.7
2024_02_LV_BAL,202409150rav,2024,2,REG,BAL,LV,Justice Hill,HillJu00,,0,,,0,0,0,87.5
2024_02_LV_BAL,202409150rav,2024,2,REG,BAL,LV,Isaiah Likely,LikeIs00,,0,,,0,0,0,93.7
2024_02_LV_BAL,202409150rav,2024,2,REG,BAL,LV,Derrick Henry,HenrDe00,,1,,,0,0,0,116.7
2024_02_LV_BAL,202409150rav,2024,2,REG,BAL,LV,Charlie Kolar,KolaCh00,,0,,,0,0,0,83.3
2024_02_LV_BAL,202409150rav,2024,2,REG,BAL,LV,Nelson Agholor,AghoNe00,,0,,,0,0,0,47.9
2024_02_LV_BAL,202409150rav,2024,2,REG,BAL,LV,Patrick Ricard,RicaPa00,,0,,,0,0,0,39.6
2024_02_LV_BAL,202409150rav,2024,2,REG,LV,BAL,Davante Adams,AdamDa01,,0,,,1,0.083,0,130.6
2024_02_LV_BAL,202409150rav,2024,2,REG,LV,BAL,Brock Bowers,BoweBr01,,0,,,0,0,0,112
2024_02_LV_BAL,202409150rav,2024,2,REG,LV,BAL,Jakobi Meyers,MeyeJa01,,0,,,0,0,0,90.8
2024_02_LV_BAL,202409150rav,2024,2,REG,LV,BAL,Zamir White,WhitZa01,,2,,,0,0,0,79.2
2024_02_LV_BAL,202409150rav,2024,2,REG,LV,BAL,Tre Tucker,TuckTr00,,0,,,0,0,0,93.7
2024_02_LV_BAL,202409150rav,2024,2,REG,LV,BAL,Ameer Abdullah,AbduAm00,,0,,,0,0,0,79.2
2024_02_LV_BAL,202409150rav,2024,2,REG,LV,BAL,Michael Mayer,MayeMi00,,0,,,0,0,0,112.5
2024_02_LV_BAL,202409150rav,2024,2,REG,LV,BAL,Harrison Bryant,BryaHa00,,0,,,0,0,1,0
2024_02_LAC_CAR,202409150car,2024,2,REG,CAR,LAC,Chuba Hubbard,HubbCh01,,1,,,0,0,0,79.2
2024_02_LAC_CAR,202409150car,2024,2,REG,CAR,LAC,Diontae Johnson,JohnDi01,,0,,,0,0,1,16.7
2024_02_LAC_CAR,202409150car,2024,2,REG,CAR,LAC,Miles Sanders,SandMi01,,0,,,0,0,0,79.2
2024_02_LAC_CAR,202409150car,2024,2,REG,CAR,LAC,Tommy Tremble,TremTo00,,0,,,0,0,0,88.5
2024_02_LAC_CAR,202409150car,2024,2,REG,CAR,LAC,Ja'Tavion Sanders,SandJa01,,0,,,0,0,0,83.3
2024_02_LAC_CAR,202409150car,2024,2,REG,CAR,LAC,Adam Thielen,ThieAd00,,0,,,0,0,0,85.4
2024_02_LAC_CAR,202409150car,2024,2,REG,CAR,LAC,Jonathan Mingo,MingJo00,,0,,,0,0,0,56.2
2024_02_LAC_CAR,202409150car,2024,2,REG,CAR,LAC,David Moore,MoorDa03,,0,,,0,0,0,39.6
2024_02_LAC_CAR,202409150car,2024,2,REG,LAC,CAR,Quentin Johnston,JohnQu02,,1,,,0,0,0,141.7
2024_02_LAC_CAR,202409150car,2024,2,REG,LAC,CAR,Will Dissly,DissWi00,,1,,,0,0,0,106.9
2024_02_LAC_CAR,202409150car,2024,2,REG,LAC,CAR,Ladd McConkey,McCoLa00,,0,,,0,0,1,31.2
2024_02_LAC_CAR,202409150car,2024,2,REG,LAC,CAR,Josh Palmer,PalmJo00,,0,,,0,0,0,106.2
2024_02_LAC_CAR,202409150car,2024,2,REG,LAC,CAR,J.K. Dobbins,DobbJK00,,0,,,0,0,0,79.2
2024_02_LAC_CAR,202409150car,2024,2,REG,LAC,CAR,Hayden Hurst,HursHa00,,0,,,0,0,0,56.2
2024_02_LAC_CAR,202409150car,2024,2,REG,LAC,CAR,Eric Tomlinson,TomlEr01,,0,,,0,0,0,39.6
2024_02_NO_DAL,202409150dal,2024,2,REG,DAL,NO,Luke Schoonmaker,SchoLu00,,0,,,0,0,0,96.5
2024_02_NO_DAL,202409150dal,2024,2,REG,DAL,NO,Jalen Tolbert,TolbJa00,,0,,,0,0,0,95.6
2024_02_NO_DAL,202409150dal,2024,2,REG,DAL,NO,Rico Dowdle,DowdRi01,,0,,,0,0,0,90.8
2024_02_NO_DAL,202409150dal,2024,2,REG,DAL,NO,CeeDee Lamb,LambCe00,,1,,,0,0,1,101.8
2024_02_NO_DAL,202409150dal,2024,2,REG,DAL,NO,Brandin Cooks,CookBr00,,0,,,0,0,0,106.2
2024_02_NO_DAL,202409150dal,2024,2,REG,DAL,NO,Ezekiel Elliott,ElliEz00,,0,,,0,0,0,79.9
2024_02_NO_DAL,202409150dal,2024,2,REG,DAL,NO,KaVontae Turpin,TurpKa00,,1,,,0,0,0,56.2
2024_02_NO_DAL,202409150dal,2024,2,REG,DAL,NO,Jalen Brooks,BrooJa03,,0,,,0,0,1,4.2
2024_02_NO_DAL,202409150dal,2024,2,REG,DAL,NO,Deuce Vaughn,VaugDe00,,1,,,0,0,0,91.7
2024_02_NO_DAL,202409150dal,2024,2,REG,DAL,NO,Brevyn Spann-Ford,SpanBr00,,0,,,0,0,0,39.6
2024_02_NO_DAL,202409150dal,2024,2,REG,NO,DAL,Chris Olave,OlavCh00,,0,,,0,0,1,70.1
2024_02_NO_DAL,202409150dal,2024,2,REG,NO,DAL,Rashid Shaheed,ShahRa00,,0,,,0,0,0,158.3
2024_02_NO_DAL,202409150dal,2024,2,REG,NO,DAL,Alvin Kamara,KamaAl00,,0,,,1,0.333,0,149.3
2024_02_NO_DAL,202409150dal,2024,2,REG,NO,DAL,Taysom Hill,HillTa00,,0,,,0,0,0,79.2
2024_02_NO_DAL,202409150dal,2024,2,REG,NO,DAL,Adam Prentice,PrenAd00,,0,,,0,0,0,39.6
2024_02_TB_DET,202409150det,2024,2,REG,DET,TB,Amon-Ra St. Brown,StxxAm00,,0,,,0,0,1,54.5
2024_02_TB_DET,202409150det,2024,2,REG,DET,TB,Jahmyr Gibbs,GibbJa01,,0,,,0,0,0,79.8
2024_02_TB_DET,202409150det,2024,2,REG,DET,TB,Jameson Williams,WillJa11,,1,,,0,0,1,32
2024_02_TB_DET,202409150det,2024,2,REG,DET,TB,David Montgomery,MontDa01,,0,,,0,0,0,103.1
2024_02_TB_DET,202409150det,2024,2,REG,DET,TB,Kalif Raymond,RaymKa00,,0,,,0,0,0,92.7
2024_02_TB_DET,202409150det,2024,2,REG,DET,TB,Sam LaPorta,LaPoSa01,,0,,,0,0,0,75.7
2024_02_TB_DET,202409150det,2024,2,REG,DET,TB,Tim Patrick,PatrTi00,,0,,,0,0,0,74.3
2024_02_TB_DET,202409150det,2024,2,REG,DET,TB,Sione Vaki,VakiSi00,,0,,,0,0,0,118.7
2024_02_TB_DET,202409150det,2024,2,REG,DET,TB,Tom Kennedy,KennTo01,,0,,,0,0,0,39.6
2024_02_TB_DET,202409150det,2024,2,REG,TB,DET,Chris Godwin,GodwCh00,,0,,,0,0,0,158.3
2024_02_TB_DET,202409150det,2024,2,REG,TB,DET,Mike Evans,EvanMi00,,0,,,1,0.167,1,33.3
2024_02_TB_DET,202409150det,2024,2,REG,TB,DET,Jalen McMillan,McMiJa01,,0,,,0,0,0,87.5
2024_02_TB_DET,202409150det,2024,2,REG,TB,DET,Rachaad White,WhitRa01,,0,,,0,0,0,87.5
2024_02_TB_DET,202409150det,2024,2,REG,TB,DET,Cade Otton,OttoCa00,,0,,,0,0,0,39.6
2024_02_IND_GB,202409150gnb,2024,2,REG,GB,IND,Romeo Doubs,DoubRo00,,1,,,0,0,0,118.7
2024_02_IND_GB,202409150gnb,2024,2,REG,GB,IND,Dontayvion Wicks,WickDo00,,0,,,0,0,0,131.2
2024_02_IND_GB,202409150gnb,2024,2,REG,GB,IND,Tucker Kraft,KrafTu00,,0,,,0,0,0,100
2024_02_IND_GB,202409150gnb,2024,2,REG,GB,IND,Jayden Reed,ReedJa03,,0,,,0,0,0,85.4
2024_02_IND_GB,202409150gnb,2024,2,REG,GB,IND,MarShawn Lloyd,LloyMa00,,0,,,0,0,0,79.2
2024_02_IND_GB,202409150gnb,2024,2,REG,GB,IND,Luke Musgrave,MusgLu00,,0,,,0,0,0,91.7
2024_02_IND_GB,202409150gnb,2024,2,REG,IND,GB,Alec Pierce,PierAl00,,0,,,0,0,1,94.9
2024_02_IND_GB,202409150gnb,2024,2,REG,IND,GB,Michael Pittman Jr.,PittMi01,,0,,,0,0,1,10.7
2024_02_IND_GB,202409150gnb,2024,2,REG,IND,GB,Jonathan Taylor,TaylJo02,,0,,,0,0,0,77.1
2024_02_IND_GB,202409150gnb,2024,2,REG,IND,GB,Mo Alie-Cox,AlieMo00,,0,,,0,0,0,118.7
2024_02_IND_GB,202409150gnb,2024,2,REG,IND,GB,Ashton Dulin,DuliAs00,,0,,,0,0,0,70.8
2024_02_IND_GB,202409150gnb,2024,2,REG,IND,GB,Tyler Goodson,GoodTy00,,0,,,0,0,0,79.2
2024_02_IND_GB,202409150gnb,2024,2,REG,IND,GB,Kylen Granson,GranKy00,,0,,,0,0,0,62.5
2024_02_IND_GB,202409150gnb,2024,2,REG,IND,GB,Adonai Mitchell,MitcAd00,,0,,,1,0.25,0,58.3
2024_02_IND_GB,202409150gnb,2024,2,REG,IND,GB,Andrew Ogletree,OgleAn00,,0,,,0,0,0,68.7
2024_02_IND_GB,202409150gnb,2024,2,REG,IND,GB,Trey Sermon,SermTr00,,0,,,0,0,0,95.8
2024_02_CLE_JAX,202409150jax,2024,2,REG,JAX,CLE,Gabriel Davis,DaviGa01,,0,,,0,0,0,63.4
2024_02_CLE_JAX,202409150jax,2024,2,REG,JAX,CLE,Travis Etienne,EtieTr00,,0,,,0,0,0,77.1
2024_02_CLE_JAX,202409150jax,2024,2,REG,JAX,CLE,Brenton Strange,StraBr00,,0,,,2,0.333,0,88.9
2024_02_CLE_JAX,202409150jax,2024,2,REG,JAX,CLE,Luke Farrell,FarrLu00,,0,,,0,0,0,93.7
2024_02_CLE_JAX,202409150jax,2024,2,REG,JAX,CLE,Brian Thomas,ThomBr06,,0,,,1,0.25,0,95.8
2024_02_CLE_JAX,202409150jax,2024,2,REG,JAX,CLE,Christian Kirk,KirkCh01,,0,,,0,0,0,42.4
2024_02_CLE_JAX,202409150jax,2024,2,REG,JAX,CLE,Parker Washington,WashPa01,,0,,,1,1,0,39.6
2024_02_CLE_JAX,202409150jax,2024,2,REG,CLE,JAX,Elijah Moore,MoorEl00,,1,,,0,0,0,87.5
2024_02_CLE_JAX,202409150jax,2024,2,REG,CLE,JAX,Jerry Jeudy,JeudJe00,,0,,,1,0.167,0,117.4
2024_02_CLE_JAX,202409150jax,2024,2,REG,CLE,JAX,David Bell,BellDa02,,0,,,0,0,0,104.2
2024_02_CLE_JAX,202409150jax,2024,2,REG,CLE,JAX,Amari Cooper,CoopAm00,,0,,,3,0.375,0,45.8
2024_02_CLE_JAX,202409150jax,2024,2,REG,CLE,JAX,Jordan Akins,AkinJo00,,0,,,0,0,0,108.3
2024_02_CLE_JAX,202409150jax,2024,2,REG,CLE,JAX,Jerome Ford,FordJe00,,0,,,0,0,0,56.2
2024_02_CLE_JAX,202409150jax,2024,2,REG,CLE,JAX,D'Onta Foreman,ForeDO00,,0,,,0,0,0,104.2
2024_02_CLE_JAX,202409150jax,2024,2,REG,CLE,JAX,Pierre Strong,StroPi00,,0,,,1,0.5,0,64.6
2024_02_CLE_JAX,202409150jax,2024,2,REG,CLE,JAX,Cedric Tillman,TillCe01,,0,,,0,0,0,56.2
2024_02_SF_MIN,202409150min,2024,2,REG,MIN,SF,Aaron Jones,JoneAa00,,0,,,0,0,0,91.7
2024_02_SF_MIN,202409150min,2024,2,REG,MIN,SF,Justin Jefferson,JeffJu00,,0,,,0,0,0,141.4
2024_02_SF_MIN,202409150min,2024,2,REG,MIN,SF,Jalen Nailor,NailJa00,,0,,,0,0,0,156.2
2024_02_SF_MIN,202409150min,2024,2,REG,MIN,SF,Johnny Mundt,MundJo00,,0,,,0,0,0,74.3
2024_02_SF_MIN,202409150min,2024,2,REG,MIN,SF,Brandon Powell,PoweBr00,,0,,,0,0,0,100
2024_02_SF_MIN,202409150min,2024,2,REG,MIN,SF,Trent Sherfield,SherTr00,,0,,,0,0,1,39.6
2024_02_SF_MIN,202409150min,2024,2,REG,SF,MIN,Deebo Samuel,SamuDe00,,0,,,0,0,0,112.5
2024_02_SF_MIN,202409150min,2024,2,REG,SF,MIN,George Kittle,KittGe00,,0,,,0,0,0,145.8
2024_02_SF_MIN,202409150min,2024,2,REG,SF,MIN,Brandon Aiyuk,AiyuBr00,,1,,,0,0,0,102.5
2024_02_SF_MIN,202409150min,2024,2,REG,SF,MIN,Kyle Juszczyk,JuszKy00,,0,,,0,0,1,28.3
2024_02_SF_MIN,202409150min,2024,2,REG,SF,MIN,Jauan Jennings,JennJa00,,0,,,0,0,0,82.3
2024_02_SF_MIN,202409150min,2024,2,REG,SF,MIN,Eric Saubert,SaubEr00,,0,,,0,0,0,118.7
2024_02_SF_MIN,202409150min,2024,2,REG,SF,MIN,Chris Conley,ConlCh00,,0,,,0,0,0,83.3
2024_02_SF_MIN,202409150min,2024,2,REG,SF,MIN,Jordan Mason,MasoJo00,,0,,,0,0,0,83.3
2024_02_SEA_NE,202409150nwe,2024,2,REG,NE,SEA,Hunter Henry,HenrHu00,,0,,,1,0.083,0,95.5
2024_02_SEA_NE,202409150nwe,2024,2,REG,NE,SEA,Ja'Lynn Polk,PolkJa00,,0,,,0,0,0,113.9
2024_02_SEA_NE,202409150nwe,2024,2,REG,NE,SEA,Rhamondre Stevenson,StevRh00,,0,,,0,0,0,47.9
2024_02_SEA_NE,202409150nwe,2024,2,REG,NE,SEA,Antonio Gibson,GibsAn00,,0,,,0,0,0,95.8
2024_02_SEA_NE,202409150nwe,2024,2,REG,NE,SEA,Austin Hooper,HoopAu00,,0,,,0,0,0,87.5
2024_02_SEA_NE,202409150nwe,2024,2,REG,NE,SEA,K.J. Osborn,OsboKJ00,,0,,,1,0.5,0,58.3
2024_02_SEA_NE,202409150nwe,2024,2,REG,SEA,NE,Jaxon Smith-Njigba,SmitJa06,,1,,,1,0.063,0,95.1
2024_02_SEA_NE,202409150nwe,2024,2,REG,SEA,NE,D.K. Metcalf,MetcDK00,,0,,,2,0.143,0,123.8
2024_02_SEA_NE,202409150nwe,2024,2,REG,SEA,NE,Zach Charbonnet,CharZa00,,0,,,0,0,0,92.5
2024_02_SEA_NE,202409150nwe,2024,2,REG,SEA,NE,Jake Bobo,BoboJa00,,0,,,0,0,0,97.9
2024_02_SEA_NE,202409150nwe,2024,2,REG,SEA,NE,Tyler Lockett,LockTy00,,0,,,0,0,0,97.9
2024_02_SEA_NE,202409150nwe,2024,2,REG,SEA,NE,Noah Fant,FantNo00,,0,,,1,0.333,0,49.3
2024_02_SEA_NE,202409150nwe,2024,2,REG,SEA,NE,Laviska Shenault Jr.,ShenLa00,,0,,,0,0,0,91.7
2024_02_NYJ_TEN,202409150oti,2024,2,REG,TEN,NYJ,Tony Pollard,PollTo00,,0,,,0,0,0,94.4
2024_02_NYJ_TEN,202409150oti,2024,2,REG,TEN,NYJ,Calvin Ridley,RidlCa00,,0,,,1,0.167,0,149.3
2024_02_NYJ_TEN,202409150oti,2024,2,REG,TEN,NYJ,Chigoziem Okonkwo,OkonCh00,,0,,,0,0,0,88.9
2024_02_NYJ_TEN,202409150oti,2024,2,REG,TEN,NYJ,Tyler Boyd,BoydTy00,,0,,,0,0,0,57.1
2024_02_NYJ_TEN,202409150oti,2024,2,REG,TEN,NYJ,Tyjae Spears,SpeaTy00,,0,,,0,0,0,89.6
2024_02_NYJ_TEN,202409150oti,2024,2,REG,TEN,NYJ,Josh Whyle,WhylJo01,,1,,,0,0,0,93.7
2024_02_NYJ_TEN,202409150oti,2024,2,REG,TEN,NYJ,DeAndre Hopkins,HopkDe00,,1,,,0,0,0,62.5
2024_02_NYJ_TEN,202409150oti,2024,2,REG,TEN,NYJ,Treylon Burks,BurkTr00,,0,,,0,0,1,0
2024_02_NYJ_TEN,202409150oti,2024,2,REG,NYJ,TEN,Breece Hall,HallBr03,,0,,,0,0,0,133.3
2024_02_NYJ_TEN,202409150oti,2024,2,REG,NYJ,TEN,Garrett Wilson,WilsGa00,,2,,,1,0.167,0,97.2
2024_02_NYJ_TEN,202409150oti,2024,2,REG,NYJ,TEN,Braelon Allen,AlleBr05,,0,,,1,0.25,0,107.3
2024_02_NYJ_TEN,202409150oti,2024,2,REG,NYJ,TEN,Allen Lazard,LazaAl00,,0,,,1,0.25,0,56.2
2024_02_NYJ_TEN,202409150oti,2024,2,REG,NYJ,TEN,Tyler Conklin,ConkTy00,,0,,,0,0,0,64.6
2024_02_NYJ_TEN,202409150oti,2024,2,REG,NYJ,TEN,Malachi Corley,CorlMa00,,0,,,0,0,0,83.3
2024_02_NYJ_TEN,202409150oti,2024,2,REG,NYJ,TEN,Mike Williams,WillMi07,,0,,,0,0,0,118.7
2024_02_NYJ_TEN,202409150oti,2024,2,REG,NYJ,TEN,Jeremy Ruckert,RuckJe00,,0,,,0,0,0,39.6
2024_02_NYG_WAS,202409150was,2024,2,REG,WAS,NYG,Terry McLaurin,McLaTe00,,0,,,0,0,0,77.1
2024_02_NYG_WAS,202409150was,2024,2,REG,WAS,NYG,Zach Ertz,ErtzZa00,,0,,,0,0,0,118.7
2024_02_NYG_WAS,202409150was,2024,2,REG,WAS,NYG,Noah Brown,BrowNo00,,0,,,0,0,0,118.7
2024_02_NYG_WAS,202409150was,2024,2,REG,WAS,NYG,Austin Ekeler,EkelAu00,,0,,,0,0,0,118.7
2024_02_NYG_WAS,202409150was,2024,2,REG,WAS,NYG,Olamide Zaccheaus,ZaccOl01,,0,,,0,0,0,86.1
2024_02_NYG_WAS,202409150was,2024,2,REG,WAS,NYG,Dyami Brown,BrowDy00,,0,,,0,0,0,61.5
2024_02_NYG_WAS,202409150was,2024,2,REG,WAS,NYG,John Bates,BateJo00,,0,,,0,0,0,87.5
2024_02_NYG_WAS,202409150was,2024,2,REG,WAS,NYG,Brian Robinson Jr.,RobiBr01,,0,,,0,0,0,42.4
2024_02_NYG_WAS,202409150was,2024,2,REG,NYG,WAS,Malik Nabers,NabeMa00,,2,,,1,0.056,0,96.3
2024_02_NYG_WAS,202409150was,2024,2,REG,NYG,WAS,Darius Slayton,SlayDa01,,0,,,0,0,0,99
2024_02_NYG_WAS,202409150was,2024,2,REG,NYG,WAS,Wan'Dale Robinson,RobiWa01,,0,,,0,0,0,102.1
2024_02_NYG_WAS,202409150was,2024,2,REG,NYG,WAS,Devin Singletary,SingDe00,,0,,,0,0,0,79.2
2024_02_LA_ARI,202409150crd,2024,2,REG,ARI,LA,Trey McBride,McBrTr01,,1,,,0,0,0,113.2
2024_02_LA_ARI,202409150crd,2024,2,REG,ARI,LA,Marvin Harrison Jr.,HarrMa09,,0,,,1,0.125,0,135.4
2024_02_LA_ARI,202409150crd,2024,2,REG,ARI,LA,Greg Dortch,DortGr01,,0,,,0,0,0,89.6
2024_02_LA_ARI,202409150crd,2024,2,REG,ARI,LA,Michael Wilson,WilsMi02,,0,,,0,0,0,118.7
2024_02_LA_ARI,202409150crd,2024,2,REG,ARI,LA,Trey Benson,BensTr01,,0,,,0,0,0,95.8
2024_02_LA_ARI,202409150crd,2024,2,REG,ARI,LA,James Conner,ConnJa00,,1,,,0,0,0,79.2
2024_02_LA_ARI,202409150crd,2024,2,REG,ARI,LA,Elijah Higgins,HiggEl00,,0,,,0,0,0,158.3
2024_02_LA_ARI,202409150crd,2024,2,REG,LA,ARI,Cooper Kupp,KuppCo00,,1,,,0,0,0,83.3
2024_02_LA_ARI,202409150crd,2024,2,REG,LA,ARI,Kyren Williams,WillKy02,,1,,,0,0,0,89.2
2024_02_LA_ARI,202409150crd,2024,2,REG,LA,ARI,Tutu Atwell,AtweTu00,,0,,,1,0.25,0,114.6
2024_02_LA_ARI,202409150crd,2024,2,REG,LA,ARI,Tyler Johnson,JohnTy00,,0,,,0,0,0,85.4
2024_02_LA_ARI,202409150crd,2024,2,REG,LA,ARI,Demarcus Robinson,RobiDe01,,0,,,0,0,0,95.8
2024_02_LA_ARI,202409150crd,2024,2,REG,LA,ARI,Jordan Whittington,WhitJo04,,0,,,0,0,0,112.5
2024_02_LA_ARI,202409150crd,2024,2,REG,LA,ARI,Colby Parkinson,ParkCo02,,0,,,1,0.5,0,68.7
2024_02_LA_ARI,202409150crd,2024,2,REG,LA,ARI,Ronnie Rivers,RiveRo01,,0,,,0,0,0,79.2
2024_02_PIT_DEN,202409150den,2024,2,REG,DEN,PIT,Javonte Williams,WillJa10,,0,,,0,0,0,106.7
2024_02_PIT_DEN,202409150den,2024,2,REG,DEN,PIT,Lil'Jordan Humphrey,HumpLi01,,0,,,0,0,0,108.3
2024_02_PIT_DEN,202409150den,2024,2,REG,DEN,PIT,Josh Reynolds,ReynJo00,,0,,,0,0,0,118.7
2024_02_PIT_DEN,202409150den,2024,2,REG,DEN,PIT,Greg Dulcich,DulcGr00,,0,,,2,0.25,0,45.8
2024_02_PIT_DEN,202409150den,2024,2,REG,DEN,PIT,Marvin Mims,MimsMa00,,0,,,0,0,0,64.6
2024_02_PIT_DEN,202409150den,2024,2,REG,DEN,PIT,Courtland Sutton,SuttCo00,,0,,,0,0,1,14.6
2024_02_PIT_DEN,202409150den,2024,2,REG,DEN,PIT,Michael Burton,BurtMi00,,0,,,0,0,0,79.2
2024_02_PIT_DEN,202409150den,2024,2,REG,DEN,PIT,Tyler Badie,BadiTy00,,0,,,0,0,0,79.2
2024_02_PIT_DEN,202409150den,2024,2,REG,DEN,PIT,Troy Franklin,FranTr00,,0,,,0,0,0,39.6
2024_02_PIT_DEN,202409150den,2024,2,REG,DEN,PIT,Nate Adkins,AdkiNa00,,0,,,0,0,0,39.6
2024_02_PIT_DEN,202409150den,2024,2,REG,PIT,DEN,Pat Freiermuth,FreiPa00,,0,,,0,0,0,107.3
2024_02_PIT_DEN,202409150den,2024,2,REG,PIT,DEN,Jaylen Warren,WarrJa01,,0,,,0,0,0,106.2
2024_02_PIT_DEN,202409150den,2024,2,REG,PIT,DEN,George Pickens,PickGe00,,0,,,0,0,0,74
2024_02_PIT_DEN,202409150den,2024,2,REG,PIT,DEN,Van Jefferson,JeffVa00,,0,,,0,0,0,77.1
2024_02_PIT_DEN,202409150den,2024,2,REG,PIT,DEN,Calvin Austin,AustCa00,,0,,,0,0,0,56.2
2024_02_PIT_DEN,202409150den,2024,2,REG,PIT,DEN,Darnell Washington,WashDa03,,0,,,0,0,0,127.1
2024_02_PIT_DEN,202409150den,2024,2,REG,PIT,DEN,Najee Harris,HarrNa00,,0,,,0,0,0,56.2
2024_02_CIN_KC,202409150kan,2024,2,REG,KC,CIN,Isiah Pacheco,PachIs00,,0,,,0,0,0,84.2
2024_02_CIN_KC,202409150kan,2024,2,REG,KC,CIN,Rashee Rice,RiceRa01,,0,,,0,0,0,158.3
2024_02_CIN_KC,202409150kan,2024,2,REG,KC,CIN,Justin Watson,WatsJu01,,0,,,0,0,0,112.5
2024_02_CIN_KC,202409150kan,2024,2,REG,KC,CIN,Xavier Worthy,WortXa00,,0,,,0,0,1,21.9
2024_02_CIN_KC,202409150kan,2024,2,REG,KC,CIN,Travis Kelce,KelcTr00,,0,,,0,0,1,2.8
2024_02_CIN_KC,202409150kan,2024,2,REG,KC,CIN,Wanya Morris,MorrWa01,,0,,,0,0,0,118.7
2024_02_CIN_KC,202409150kan,2024,2,REG,KC,CIN,Samaje Perine,PeriSa00,,0,,,0,0,0,79.2
2024_02_CIN_KC,202409150kan,2024,2,REG,KC,CIN,Jared Wiley,WileJa00,,0,,,0,0,0,95.8
2024_02_CIN_KC,202409150kan,2024,2,REG,CIN,KC,Mike Gesicki,GesiMi00,,0,,,1,0.111,0,108.8
2024_02_CIN_KC,202409150kan,2024,2,REG,CIN,KC,Erick All,AllxEr00,,0,,,0,0,0,100
2024_02_CIN_KC,202409150kan,2024,2,REG,CIN,KC,Ja'Marr Chase,ChasJa00,,1,,,0,0,0,95.8
2024_02_CIN_KC,202409150kan,2024,2,REG,CIN,KC,Drew Sample,SampDr00,,0,,,0,0,0,105.6
2024_02_CIN_KC,202409150kan,2024,2,REG,CIN,KC,Andrei Iosivas,IosiAn00,,0,,,2,0.5,0,95.8
2024_02_CIN_KC,202409150kan,2024,2,REG,CIN,KC,Jermaine Burton,BurtJe01,,0,,,0,0,0,95.8
2024_02_CIN_KC,202409150kan,2024,2,REG,CIN,KC,Trenton Irwin,IrwiTr00,,0,,,0,0,0,39.6
2024_02_CIN_KC,202409150kan,2024,2,REG,CIN,KC,Zack Moss,MossZa00,,1,,,0,0,0,118.7
2024_02_CHI_HOU,202409150htx,2024,2,REG,HOU,CHI,Nico Collins,CollNi00,,1,,,0,0,0,152.1
2024_02_CHI_HOU,202409150htx,2024,2,REG,HOU,CHI,Stefon Diggs,DiggSt00,,0,,,0,0,0,83.3
2024_02_CHI_HOU,202409150htx,2024,2,REG,HOU,CHI,Joe Mixon,MixoJo00,,1,,,0,0,0,72.9
2024_02_CHI_HOU,202409150htx,2024,2,REG,HOU,CHI,Dare Ogunbowale,OgunDa00,,0,,,0,0,0,108.3
2024_02_CHI_HOU,202409150htx,2024,2,REG,HOU,CHI,Dalton Schultz,SchuDa00,,0,,,0,0,0,86.8
2024_02_CHI_HOU,202409150htx,2024,2,REG,HOU,CHI,Brevin Jordan,JordBr00,,0,,,0,0,0,83.3
2024_02_CHI_HOU,202409150htx,2024,2,REG,HOU,CHI,Tank Dell,DellNa00,,0,,,1,0.25,0,39.6
2024_02_CHI_HOU,202409150htx,2024,2,REG,HOU,CHI,Cade Stover,StovCa00,,0,,,0,0,0,118.7
2024_02_CHI_HOU,202409150htx,2024,2,REG,HOU,CHI,Cam Akers,AkerCa00,,0,,,0,0,0,79.2
2024_02_CHI_HOU,202409150htx,2024,2,REG,HOU,CHI,Xavier Hutchinson,HutcXa00,,0,,,0,0,0,39.6
2024_02_CHI_HOU,202409150htx,2024,2,REG,CHI,HOU,D.J. Moore,MoorD.00,,1,,,0,0,1,34.6
2024_02_CHI_HOU,202409150htx,2024,2,REG,CHI,HOU,D'Andre Swift,SwifDA00,,0,,,0,0,0,86.7
2024_02_CHI_HOU,202409150htx,2024,2,REG,CHI,HOU,Cole Kmet,KmetCo00,,0,,,0,0,1,49.6
2024_02_CHI_HOU,202409150htx,2024,2,REG,CHI,HOU,DeAndre Carter,CartDe02,,1,,,0,0,0,97.9
2024_02_CHI_HOU,202409150htx,2024,2,REG,CHI,HOU,Gerald Everett,EverGe00,,0,,,1,0.333,0,70.1
2024_02_CHI_HOU,202409150htx,2024,2,REG,CHI,HOU,Khalil Herbert,HerbKh00,,0,,,0,0,0,79.2
2024_02_CHI_HOU,202409150htx,2024,2,REG,CHI,HOU,Rome Odunze,OdunRo00,,1,,,1,0.2,0,62.9
2024_02_ATL_PHI,202409160phi,2024,2,REG,PHI,ATL,DeVonta Smith,SmitDe07,,0,,,0,0,1,85.8
2024_02_ATL_PHI,202409160phi,2024,2,REG,PHI,ATL,Britain Covey,CoveBr00,,0,,,0,0,0,82.6
2024_02_ATL_PHI,202409160phi,2024,2,REG,PHI,ATL,Saquon Barkley,BarkSa00,,0,,,1,0.2,0,84.2
2024_02_ATL_PHI,202409160phi,2024,2,REG,PHI,ATL,Dallas Goedert,GoedDa00,,0,,,0,0,0,104.2
2024_02_ATL_PHI,202409160phi,2024,2,REG,PHI,ATL,Grant Calcaterra,CalcGr00,,0,,,0,0,0,106.2
2024_02_ATL_PHI,202409160phi,2024,2,REG,PHI,ATL,Jahan Dotson,DotsJa00,,0,,,0,0,0,91.7
2024_02_ATL_PHI,202409160phi,2024,2,REG,PHI,ATL,Johnny Wilson,WilsJo03,,0,,,0,0,0,39.6
2024_02_ATL_PHI,202409160phi,2024,2,REG,ATL,PHI,Drake London,LondDr00,,0,,,0,0,0,138.4
2024_02_ATL_PHI,202409160phi,2024,2,REG,ATL,PHI,Bijan Robinson,RobiBi01,,0,,,1,0.2,0,87.5
2024_02_ATL_PHI,202409160phi,2024,2,REG,ATL,PHI,Ray-Ray McCloud,McClRa00,,0,,,0,0,0,87.1
2024_02_ATL_PHI,202409160phi,2024,2,REG,ATL,PHI,Darnell Mooney,MoonDa00,,2,,,0,0,0,129.5
2024_02_ATL_PHI,202409160phi,2024,2,REG,ATL,PHI,Kyle Pitts,PittKy00,,1,,,0,0,0,85.4
2024_02_ATL_PHI,202409160phi,2024,2,REG,ATL,PHI,Tyler Allgeier,AllgTy00,,0,,,0,0,0,116.7
2024_03_NE_NYJ,202409190nyj,2024,3,REG,NYJ,NE,Tyler Conklin,ConkTy00,,0,,,0,0,0,118.7
2024_03_NE_NYJ,202409190nyj,2024,3,REG,NYJ,NE,Garrett Wilson,WilsGa00,,0,,,1,0.111,0,100.7
2024_03_NE_NYJ,202409190nyj,2024,3,REG,NYJ,NE,Breece Hall,HallBr03,,0,,,1,0.2,0,90.8
2024_03_NE_NYJ,202409190nyj,2024,3,REG,NYJ,NE,Braelon Allen,AlleBr05,,0,,,0,0,0,84.7
2024_03_NE_NYJ,202409190nyj,2024,3,REG,NYJ,NE,Allen Lazard,LazaAl00,,0,,,0,0,0,158.3
2024_03_NE_NYJ,202409190nyj,2024,3,REG,NYJ,NE,Mike Williams,WillMi07,,0,,,0,0,0,100
2024_03_NE_NYJ,202409190nyj,2024,3,REG,NYJ,NE,Xavier Gipson,GipsXa00,,0,,,0,0,0,100
2024_03_NE_NYJ,202409190nyj,2024,3,REG,NYJ,NE,Jeremy Ruckert,RuckJe00,,0,,,0,0,0,97.9
2024_03_NE_NYJ,202409190nyj,2024,3,REG,NE,NYJ,Demario Douglas,DougDe00,,0,,,1,0.111,0,98.6
2024_03_NE_NYJ,202409190nyj,2024,3,REG,NE,NYJ,Antonio Gibson,GibsAn00,,0,,,0,0,0,79.2
2024_03_NE_NYJ,202409190nyj,2024,3,REG,NE,NYJ,Hunter Henry,HenrHu00,,0,,,1,0.333,0,70.1
2024_03_NE_NYJ,202409190nyj,2024,3,REG,NE,NYJ,Ja'Lynn Polk,PolkJa00,,0,,,0,0,0,93.7
2024_03_NE_NYJ,202409190nyj,2024,3,REG,NE,NYJ,Kayshon Boutte,BoutKa00,,0,,,0,0,0,56.2
2024_03_NE_NYJ,202409190nyj,2024,3,REG,NE,NYJ,Austin Hooper,HoopAu00,,0,,,0,0,0,46.9
2024_03_NE_NYJ,202409190nyj,2024,3,REG,NE,NYJ,Tyquan Thornton,ThorTy00,,0,,,0,0,0,39.6
2024_03_NYG_CLE,202409220cle,2024,3,REG,CLE,NYG,Amari Cooper,CoopAm00,,0,,,2,0.167,0,120.1
2024_03_NYG_CLE,202409220cle,2024,3,REG,CLE,NYG,Jordan Akins,AkinJo00,,0,,,0,0,0,67
2024_03_NYG_CLE,202409220cle,2024,3,REG,CLE,NYG,Jerry Jeudy,JeudJe00,,0,,,0,0,0,65.8
2024_03_NYG_CLE,202409220cle,2024,3,REG,CLE,NYG,Jerome Ford,FordJe00,,2,,,1,0.25,0,99
2024_03_NYG_CLE,202409220cle,2024,3,REG,CLE,NYG,Elijah Moore,MoorEl00,,0,,,0,0,0,81.2
2024_03_NYG_CLE,202409220cle,2024,3,REG,CLE,NYG,Cedric Tillman,TillCe01,,0,,,1,0.5,0,56.2
2024_03_NYG_CLE,202409220cle,2024,3,REG,NYG,CLE,Malik Nabers,NabeMa00,,0,,,1,0.083,0,124.3
2024_03_NYG_CLE,202409220cle,2024,3,REG,NYG,CLE,Wan'Dale Robinson,RobiWa01,,1,,,1,0.125,0,98.4
2024_03_NYG_CLE,202409220cle,2024,3,REG,NYG,CLE,Devin Singletary,SingDe00,,0,,,0,0,0,111.5
2024_03_NYG_CLE,202409220cle,2024,3,REG,NYG,CLE,Tyrone Tracy,TracTy00,,0,,,0,0,0,102.1
2024_03_NYG_CLE,202409220cle,2024,3,REG,NYG,CLE,Daniel Bellinger,BellDa00,,0,,,0,0,0,118.7
2024_03_NYG_CLE,202409220cle,2024,3,REG,NYG,CLE,Theo Johnson,JohnTh00,,0,,,1,0.333,0,47.9
2024_03_NYG_CLE,202409220cle,2024,3,REG,NYG,CLE,Darius Slayton,SlayDa01,,0,,,1,0.5,0,58.3
2024_03_NYG_CLE,202409220cle,2024,3,REG,NYG,CLE,Jalin Hyatt,HyatJa00,,0,,,0,0,0,39.6
2024_03_CHI_IND,202409220clt,2024,3,REG,IND,CHI,Michael Pittman Jr.,PittMi01,,2,,,0,0,1,57.1
2024_03_CHI_IND,202409220clt,2024,3,REG,IND,CHI,Josh Downs,DownJo00,,0,,,1,0.2,0,70.4
2024_03_CHI_IND,202409220clt,2024,3,REG,IND,CHI,Kylen Granson,GranKy00,,0,,,0,0,0,118.7
2024_03_CHI_IND,202409220clt,2024,3,REG,IND,CHI,Alec Pierce,PierAl00,,0,,,0,0,0,95.8
2024_03_CHI_IND,202409220clt,2024,3,REG,IND,CHI,Jonathan Taylor,TaylJo02,,1,,,1,0.5,0,95.8
2024_03_CHI_IND,202409220clt,2024,3,REG,IND,CHI,Mo Alie-Cox,AlieMo00,,0,,,0,0,0,39.6
2024_03_CHI_IND,202409220clt,2024,3,REG,IND,CHI,Ashton Dulin,DuliAs00,,0,,,0,0,1,0
2024_03_CHI_IND,202409220clt,2024,3,REG,IND,CHI,Adonai Mitchell,MitcAd00,,0,,,0,0,0,39.6
2024_03_CHI_IND,202409220clt,2024,3,REG,CHI,IND,Cole Kmet,KmetCo00,,0,,,0,0,0,133.7
2024_03_CHI_IND,202409220clt,2024,3,REG,CHI,IND,D.J. Moore,MoorD.00,,0,,,0,0,0,99.2
2024_03_CHI_IND,202409220clt,2024,3,REG,CHI,IND,Rome Odunze,OdunRo00,,1,,,0,0,1,82.4
2024_03_CHI_IND,202409220clt,2024,3,REG,CHI,IND,Roschon Johnson,JohnRo07,,1,,,0,0,0,93.3
2024_03_CHI_IND,202409220clt,2024,3,REG,CHI,IND,DeAndre Carter,CartDe02,,1,,,0,0,1,19.4
2024_03_CHI_IND,202409220clt,2024,3,REG,CHI,IND,D'Andre Swift,SwifDA00,,0,,,1,0.25,0,66.7
2024_03_CHI_IND,202409220clt,2024,3,REG,CHI,IND,Gerald Everett,EverGe00,,0,,,0,0,0,39.6
2024_03_HOU_MIN,202409220min,2024,3,REG,MIN,HOU,Justin Jefferson,JeffJu00,,0,,,2,0.25,0,146.4
2024_03_HOU_MIN,202409220min,2024,3,REG,MIN,HOU,Aaron Jones,JoneAa00,,0,,,0,0,0,138.2
2024_03_HOU_MIN,202409220min,2024,3,REG,MIN,HOU,Jalen Nailor,NailJa00,,0,,,0,0,0,136.5
2024_03_HOU_MIN,202409220min,2024,3,REG,MIN,HOU,Johnny Mundt,MundJo00,,0,,,0,0,0,81.9
2024_03_HOU_MIN,202409220min,2024,3,REG,MIN,HOU,Brandon Powell,PoweBr00,,0,,,0,0,0,70.8
2024_03_HOU_MIN,202409220min,2024,3,REG,MIN,HOU,Trent Sherfield,SherTr00,,0,,,0,0,0,100
2024_03_HOU_MIN,202409220min,2024,3,REG,MIN,HOU,Josh Oliver,OlivJo00,,0,,,0,0,0,39.6
2024_03_HOU_MIN,202409220min,2024,3,REG,HOU,MIN,Stefon Diggs,DiggSt00,,0,,,1,0.083,0,99.3
2024_03_HOU_MIN,202409220min,2024,3,REG,HOU,MIN,Tank Dell,DellNa00,,1,,,0,0,1,70.1
2024_03_HOU_MIN,202409220min,2024,3,REG,HOU,MIN,Nico Collins,CollNi00,,1,,,0,0,1,31.7
2024_03_HOU_MIN,202409220min,2024,3,REG,HOU,MIN,Dare Ogunbowale,OgunDa00,,0,,,0,0,0,118.7
2024_03_HOU_MIN,202409220min,2024,3,REG,HOU,MIN,Dalton Schultz,SchuDa00,,0,,,0,0,0,47.9
2024_03_HOU_MIN,202409220min,2024,3,REG,HOU,MIN,J.J. Taylor,TaylJJ01,,0,,,0,0,0,79.2
2024_03_HOU_MIN,202409220min,2024,3,REG,HOU,MIN,Robert Woods,WoodRo02,,0,,,0,0,0,104.2
2024_03_HOU_MIN,202409220min,2024,3,REG,HOU,MIN,Cam Akers,AkerCa00,,0,,,0,0,0,81.9
2024_03_HOU_MIN,202409220min,2024,3,REG,HOU,MIN,Xavier Hutchinson,HutcXa00,,0,,,1,1,0,39.6
2024_03_PHI_NO,202409220nor,2024,3,REG,NO,PHI,Chris Olave,OlavCh00,,0,,,0,0,0,158.3
2024_03_PHI_NO,202409220nor,2024,3,REG,NO,PHI,Alvin Kamara,KamaAl00,,0,,,0,0,0,118.7
2024_03_PHI_NO,202409220nor,2024,3,REG,NO,PHI,Mason Tipton,TiptMa00,,0,,,0,0,0,72.9
2024_03_PHI_NO,202409220nor,2024,3,REG,NO,PHI,Foster Moreau,MoreFo00,,0,,,0,0,0,56.2
2024_03_PHI_NO,202409220nor,2024,3,REG,NO,PHI,Jamaal Williams,WillJa06,,0,,,0,0,0,42.4
2024_03_PHI_NO,202409220nor,2024,3,REG,NO,PHI,Cedrick Wilson Jr.,WilsCe01,,0,,,0,0,0,79.2
2024_03_PHI_NO,202409220nor,2024,3,REG,NO,PHI,Rashid Shaheed,ShahRa00,,0,,,0,0,1,0
2024_03_PHI_NO,202409220nor,2024,3,REG,PHI,NO,Dallas Goedert,GoedDa00,,1,,,0,0,0,118.7
2024_03_PHI_NO,202409220nor,2024,3,REG,PHI,NO,DeVonta Smith,SmitDe07,,0,,,0,0,1,53.7
2024_03_PHI_NO,202409220nor,2024,3,REG,PHI,NO,Saquon Barkley,BarkSa00,,0,,,0,0,0,79.2
2024_03_PHI_NO,202409220nor,2024,3,REG,PHI,NO,Parris Campbell,CampPa00,,0,,,0,0,0,93.7
2024_03_PHI_NO,202409220nor,2024,3,REG,PHI,NO,Jahan Dotson,DotsJa00,,0,,,0,0,0,70.1
2024_03_PHI_NO,202409220nor,2024,3,REG,PHI,NO,Kenneth Gainwell,GainKe00,,0,,,0,0,0,74.3
2024_03_PHI_NO,202409220nor,2024,3,REG,PHI,NO,Britain Covey,CoveBr00,,0,,,0,0,0,112.5
2024_03_PHI_NO,202409220nor,2024,3,REG,PHI,NO,Johnny Wilson,WilsJo03,,0,,,0,0,0,62.5
2024_03_LAC_PIT,202409220pit,2024,3,REG,PIT,LAC,Najee Harris,HarrNa00,,1,,,0,0,0,80
2024_03_LAC_PIT,202409220pit,2024,3,REG,PIT,LAC,George Pickens,PickGe00,,0,,,1,0.143,0,95.5
2024_03_LAC_PIT,202409220pit,2024,3,REG,PIT,LAC,Calvin Austin,AustCa00,,0,,,0,0,0,158.3
2024_03_LAC_PIT,202409220pit,2024,3,REG,PIT,LAC,Pat Freiermuth,FreiPa00,,0,,,1,0.2,0,94.2
2024_03_LAC_PIT,202409220pit,2024,3,REG,PIT,LAC,Cordarrelle Patterson,PattCo00,,0,,,0,0,1,25
2024_03_LAC_PIT,202409220pit,2024,3,REG,PIT,LAC,Scott Miller,MillSc01,,1,,,0,0,0,118.7
2024_03_LAC_PIT,202409220pit,2024,3,REG,PIT,LAC,Connor Heyward,HeywCo00,,0,,,0,0,0,79.2
2024_03_LAC_PIT,202409220pit,2024,3,REG,PIT,LAC,Jaylen Warren,WarrJa01,,0,,,0,0,0,79.2
2024_03_LAC_PIT,202409220pit,2024,3,REG,LAC,PIT,Will Dissly,DissWi00,,0,,,0,0,0,93.1
2024_03_LAC_PIT,202409220pit,2024,3,REG,LAC,PIT,J.K. Dobbins,DobbJK00,,0,,,0,0,0,80.6
2024_03_LAC_PIT,202409220pit,2024,3,REG,LAC,PIT,Ladd McConkey,McCoLa00,,0,,,1,0.167,0,74.3
2024_03_LAC_PIT,202409220pit,2024,3,REG,LAC,PIT,Hayden Hurst,HursHa00,,0,,,0,0,0,97.9
2024_03_LAC_PIT,202409220pit,2024,3,REG,LAC,PIT,Quentin Johnston,JohnQu02,,0,,,0,0,0,158.3
2024_03_LAC_PIT,202409220pit,2024,3,REG,LAC,PIT,Simi Fehoko,FehoSi00,,0,,,1,0.333,0,53.5
2024_03_DEN_TB,202409220tam,2024,3,REG,TB,DEN,Cade Otton,OttoCa00,,0,,,1,0.125,0,91.1
2024_03_DEN_TB,202409220tam,2024,3,REG,TB,DEN,Chris Godwin,GodwCh00,,0,,,1,0.111,0,119.2
2024_03_DEN_TB,202409220tam,2024,3,REG,TB,DEN,Rachaad White,WhitRa01,,1,,,0,0,0,79.2
2024_03_DEN_TB,202409220tam,2024,3,REG,TB,DEN,Bucky Irving,IrviBu00,,1,,,0,0,0,86.1
2024_03_DEN_TB,202409220tam,2024,3,REG,TB,DEN,Mike Evans,EvanMi00,,0,,,0,0,1,41.7
2024_03_DEN_TB,202409220tam,2024,3,REG,TB,DEN,Jalen McMillan,McMiJa01,,0,,,0,0,0,91.7
2024_03_DEN_TB,202409220tam,2024,3,REG,TB,DEN,Payne Durham,DurhPa00,,0,,,0,0,0,100
2024_03_DEN_TB,202409220tam,2024,3,REG,TB,DEN,Trey Palmer,PalmTr00,,0,,,0,0,0,39.6
2024_03_DEN_TB,202409220tam,2024,3,REG,DEN,TB,Courtland Sutton,SuttCo00,,0,,,0,0,0,80.9
2024_03_DEN_TB,202409220tam,2024,3,REG,DEN,TB,Lil'Jordan Humphrey,HumpLi01,,1,,,0,0,0,83.9
2024_03_DEN_TB,202409220tam,2024,3,REG,DEN,TB,Javonte Williams,WillJa10,,1,,,0,0,0,96.9
2024_03_DEN_TB,202409220tam,2024,3,REG,DEN,TB,Troy Franklin,FranTr00,,0,,,0,0,0,47.9
2024_03_DEN_TB,202409220tam,2024,3,REG,DEN,TB,Josh Reynolds,ReynJo00,,0,,,0,0,0,118.7
2024_03_DEN_TB,202409220tam,2024,3,REG,DEN,TB,Jaleel McLaughlin,McLaJa00,,0,,,0,0,0,95.8
2024_03_DEN_TB,202409220tam,2024,3,REG,DEN,TB,Nate Adkins,AdkiNa00,,0,,,0,0,0,91.7
2024_03_DEN_TB,202409220tam,2024,3,REG,DEN,TB,Marvin Mims,MimsMa00,,0,,,0,0,0,104.2
2024_03_DEN_TB,202409220tam,2024,3,REG,DEN,TB,Adam Trautman,TrauAd00,,0,,,0,0,0,118.7
2024_03_GB_TEN,202409220oti,2024,3,REG,TEN,GB,DeAndre Hopkins,HopkDe00,,1,,,0,0,1,110.1
2024_03_GB_TEN,202409220oti,2024,3,REG,TEN,GB,Josh Whyle,WhylJo01,,0,,,1,0.2,0,102.5
2024_03_GB_TEN,202409220oti,2024,3,REG,TEN,GB,Tyjae Spears,SpeaTy00,,1,,,0,0,0,118.7
2024_03_GB_TEN,202409220oti,2024,3,REG,TEN,GB,Tony Pollard,PollTo00,,0,,,0,0,0,80.2
2024_03_GB_TEN,202409220oti,2024,3,REG,TEN,GB,Tyler Boyd,BoydTy00,,1,,,1,0.25,0,99
2024_03_GB_TEN,202409220oti,2024,3,REG,TEN,GB,Nick Vannett,VannNi00,,0,,,0,0,0,125
2024_03_GB_TEN,202409220oti,2024,3,REG,TEN,GB,Chigoziem Okonkwo,OkonCh00,,0,,,0,0,0,97.9
2024_03_GB_TEN,202409220oti,2024,3,REG,TEN,GB,Calvin Ridley,RidlCa00,,0,,,0,0,1,2.8
2024_03_GB_TEN,202409220oti,2024,3,REG,TEN,GB,Treylon Burks,BurkTr00,,0,,,1,0.333,0,42.4
2024_03_GB_TEN,202409220oti,2024,3,REG,GB,TEN,Jayden Reed,ReedJa03,,1,,,1,0.167,0,92.4
2024_03_GB_TEN,202409220oti,2024,3,REG,GB,TEN,Emanuel Wilson,WilsEm00,,1,,,0,0,0,158.3
2024_03_GB_TEN,202409220oti,2024,3,REG,GB,TEN,Tucker Kraft,KrafTu00,,1,,,1,0.333,0,91
2024_03_GB_TEN,202409220oti,2024,3,REG,GB,TEN,Christian Watson,WatsCh00,,0,,,0,0,0,118.7
2024_03_GB_TEN,202409220oti,2024,3,REG,GB,TEN,Romeo Doubs,DoubRo00,,0,,,0,0,0,81.2
2024_03_GB_TEN,202409220oti,2024,3,REG,GB,TEN,Josh Jacobs,JacoJo01,,1,,,0,0,0,87.5
2024_03_GB_TEN,202409220oti,2024,3,REG,GB,TEN,Luke Musgrave,MusgLu00,,0,,,0,0,0,79.2
2024_03_GB_TEN,202409220oti,2024,3,REG,GB,TEN,Dontayvion Wicks,WickDo00,,0,,,0,0,0,39.6
2024_03_CAR_LV,202409220rai,2024,3,REG,LV,CAR,Jakobi Meyers,MeyeJa01,,2,,,0,0,0,132.4
2024_03_CAR_LV,202409220rai,2024,3,REG,LV,CAR,Tre Tucker,TuckTr00,,0,,,0,0,0,148.1
2024_03_CAR_LV,202409220rai,2024,3,REG,LV,CAR,Davante Adams,AdamDa01,,0,,,0,0,1,18.1
2024_03_CAR_LV,202409220rai,2024,3,REG,LV,CAR,Brock Bowers,BoweBr01,,0,,,0,0,0,107.3
2024_03_CAR_LV,202409220rai,2024,3,REG,LV,CAR,Alexander Mattison,MattAl01,,0,,,0,0,0,118.1
2024_03_CAR_LV,202409220rai,2024,3,REG,LV,CAR,Ameer Abdullah,AbduAm00,,1,,,0,0,0,93.7
2024_03_CAR_LV,202409220rai,2024,3,REG,LV,CAR,Michael Mayer,MayeMi00,,0,,,0,0,0,42.4
2024_03_CAR_LV,202409220rai,2024,3,REG,CAR,LV,Diontae Johnson,JohnDi01,,0,,,1,0.071,0,109.8
2024_03_CAR_LV,202409220rai,2024,3,REG,CAR,LV,Chuba Hubbard,HubbCh01,,4,,,0,0,0,152.1
2024_03_CAR_LV,202409220rai,2024,3,REG,CAR,LV,Jonathan Mingo,MingJo00,,0,,,0,0,0,83.3
2024_03_CAR_LV,202409220rai,2024,3,REG,CAR,LV,Adam Thielen,ThieAd00,,0,,,1,0.2,0,125
2024_03_CAR_LV,202409220rai,2024,3,REG,CAR,LV,Tommy Tremble,TremTo00,,0,,,0,0,0,106.9
2024_03_CAR_LV,202409220rai,2024,3,REG,CAR,LV,Xavier Legette,LegeXa00,,0,,,0,0,0,109.7
2024_03_CAR_LV,202409220rai,2024,3,REG,CAR,LV,Miles Sanders,SandMi01,,0,,,0,0,0,93.7
2024_03_CAR_LV,202409220rai,2024,3,REG,CAR,LV,Ja'Tavion Sanders,SandJa01,,0,,,0,0,0,39.6
2024_03_MIA_SEA,202409220sea,2024,3,REG,SEA,MIA,Noah Fant,FantNo00,,2,,,0,0,0,108.3
2024_03_MIA_SEA,202409220sea,2024,3,REG,SEA,MIA,Tyler Lockett,LockTy00,,0,,,0,0,1,38.5
2024_03_MIA_SEA,202409220sea,2024,3,REG,SEA,MIA,D.K. Metcalf,MetcDK00,,0,,,0,0,0,149.3
2024_03_MIA_SEA,202409220sea,2024,3,REG,SEA,MIA,Zach Charbonnet,CharZa00,,0,,,0,0,1,41.7
2024_03_MIA_SEA,202409220sea,2024,3,REG,SEA,MIA,Jaxon Smith-Njigba,SmitJa06,,0,,,0,0,0,118.7
2024_03_MIA_SEA,202409220sea,2024,3,REG,SEA,MIA,AJ Barner,BarnAJ00,,0,,,0,0,0,84.7
2024_03_MIA_SEA,202409220sea,2024,3,REG,SEA,MIA,Pharaoh Brown,BrowPh01,,0,,,0,0,0,62.5
2024_03_MIA_SEA,202409220sea,2024,3,REG,SEA,MIA,Laviska Shenault Jr.,ShenLa00,,0,,,0,0,0,79.2
2024_03_MIA_SEA,202409220sea,2024,3,REG,MIA,SEA,Jaylen Waddle,WaddJa00,,0,,,0,0,0,88.3
2024_03_MIA_SEA,202409220sea,2024,3,REG,MIA,SEA,Alec Ingold,IngoAl01,,0,,,0,0,0,88.9
2024_03_MIA_SEA,202409220sea,2024,3,REG,MIA,SEA,Tyreek Hill,HillTy00,,0,,,1,0.2,0,85.4
2024_03_MIA_SEA,202409220sea,2024,3,REG,MIA,SEA,De'Von Achane,AchaDe00,,0,,,0,0,0,75.4
2024_03_MIA_SEA,202409220sea,2024,3,REG,MIA,SEA,Julian Hill,HillJu02,,2,,,0,0,0,116.7
2024_03_MIA_SEA,202409220sea,2024,3,REG,MIA,SEA,Jonnu Smith,SmitJo01,,0,,,0,0,0,82.6
2024_03_MIA_SEA,202409220sea,2024,3,REG,MIA,SEA,D'Wayne Eskridge,EskrDW00,,0,,,0,0,0,118.7
2024_03_MIA_SEA,202409220sea,2024,3,REG,MIA,SEA,Tanner Conner,ConnTa00,,0,,,0,0,0,56.2
2024_03_MIA_SEA,202409220sea,2024,3,REG,MIA,SEA,Durham Smythe,SmytDu00,,0,,,1,0.5,0,56.2
2024_03_MIA_SEA,202409220sea,2024,3,REG,MIA,SEA,Erik Ezukanma,EzukEr00,,0,,,0,0,0,39.6
2024_03_MIA_SEA,202409220sea,2024,3,REG,MIA,SEA,Braxton Berrios,BerrBr00,,0,,,0,0,0,39.6
2024_03_DET_ARI,202409220crd,2024,3,REG,ARI,DET,Michael Wilson,WilsMi02,,0,,,0,0,0,96.3
2024_03_DET_ARI,202409220crd,2024,3,REG,ARI,DET,Marvin Harrison Jr.,HarrMa09,,0,,,0,0,1,56.6
2024_03_DET_ARI,202409220crd,2024,3,REG,ARI,DET,Greg Dortch,DortGr01,,1,,,0,0,0,68.1
2024_03_DET_ARI,202409220crd,2024,3,REG,ARI,DET,Trey McBride,McBrTr01,,0,,,0,0,0,61.1
2024_03_DET_ARI,202409220crd,2024,3,REG,ARI,DET,James Conner,ConnJa00,,0,,,0,0,0,100
2024_03_DET_ARI,202409220crd,2024,3,REG,ARI,DET,Elijah Higgins,HiggEl00,,0,,,0,0,0,112.5
2024_03_DET_ARI,202409220crd,2024,3,REG,DET,ARI,Amon-Ra St. Brown,StxxAm00,,0,,,0,0,0,145.3
2024_03_DET_ARI,202409220crd,2024,3,REG,DET,ARI,Brock Wright,WrigBr01,,0,,,0,0,1,55.4
2024_03_DET_ARI,202409220crd,2024,3,REG,DET,ARI,David Montgomery,MontDa01,,1,,,0,0,0,90.3
2024_03_DET_ARI,202409220crd,2024,3,REG,DET,ARI,Sam LaPorta,LaPoSa01,,0,,,0,0,0,118.7
2024_03_DET_ARI,202409220crd,2024,3,REG,DET,ARI,Tim Patrick,PatrTi00,,0,,,0,0,0,100
2024_03_DET_ARI,202409220crd,2024,3,REG,DET,ARI,Jameson Williams,WillJa11,,0,,,0,0,0,42.4
2024_03_BAL_DAL,202409220dal,2024,3,REG,DAL,BAL,Jake Ferguson,FergJa00,,0,,,0,0,0,83.5
2024_03_BAL_DAL,202409220dal,2024,3,REG,DAL,BAL,CeeDee Lamb,LambCe00,,0,,,1,0.143,0,89.6
2024_03_BAL_DAL,202409220dal,2024,3,REG,DAL,BAL,Rico Dowdle,DowdRi01,,1,,,0,0,0,72.1
2024_03_BAL_DAL,202409220dal,2024,3,REG,DAL,BAL,Jalen Tolbert,TolbJa00,,0,,,0,0,0,126.7
2024_03_BAL_DAL,202409220dal,2024,3,REG,DAL,BAL,KaVontae Turpin,TurpKa00,,0,,,0,0,0,158.3
2024_03_BAL_DAL,202409220dal,2024,3,REG,DAL,BAL,Brandin Cooks,CookBr00,,0,,,0,0,0,42.4
2024_03_BAL_DAL,202409220dal,2024,3,REG,DAL,BAL,Hunter Luepke,LuepHu00,,0,,,0,0,0,109.7
2024_03_BAL_DAL,202409220dal,2024,3,REG,DAL,BAL,Ezekiel Elliott,ElliEz00,,0,,,0,0,0,56.2
2024_03_BAL_DAL,202409220dal,2024,3,REG,DAL,BAL,Jalen Brooks,BrooJa03,,0,,,0,0,0,63.2
2024_03_BAL_DAL,202409220dal,2024,3,REG,DAL,BAL,Luke Schoonmaker,SchoLu00,,0,,,0,0,0,56.2
2024_03_BAL_DAL,202409220dal,2024,3,REG,DAL,BAL,Tyler Smith,SmitTy02,,0,,,0,0,0,79.2
2024_03_BAL_DAL,202409220dal,2024,3,REG,DAL,BAL,Deuce Vaughn,VaugDe00,,0,,,0,0,0,60.4
2024_03_BAL_DAL,202409220dal,2024,3,REG,BAL,DAL,Rashod Bateman,BateRa00,,0,,,0,0,0,133.3
2024_03_BAL_DAL,202409220dal,2024,3,REG,BAL,DAL,Zay Flowers,FlowZa00,,0,,,0,0,0,85.4
2024_03_BAL_DAL,202409220dal,2024,3,REG,BAL,DAL,Justice Hill,HillJu00,,0,,,0,0,0,110.4
2024_03_BAL_DAL,202409220dal,2024,3,REG,BAL,DAL,Nelson Agholor,AghoNe00,,1,,,0,0,0,118.7
2024_03_BAL_DAL,202409220dal,2024,3,REG,BAL,DAL,Isaiah Likely,LikeIs00,,0,,,0,0,0,83.3
2024_03_BAL_DAL,202409220dal,2024,3,REG,BAL,DAL,Charlie Kolar,KolaCh00,,0,,,0,0,0,118.7
2024_03_BAL_DAL,202409220dal,2024,3,REG,BAL,DAL,Derrick Henry,HenrDe00,,1,,,0,0,0,118.7
2024_03_BAL_DAL,202409220dal,2024,3,REG,BAL,DAL,Mark Andrews,AndrMa00,,0,,,0,0,0,39.6
2024_03_SF_LA,202409220ram,2024,3,REG,LA,SF,Tutu Atwell,AtweTu00,,0,,,0,0,0,118.7
2024_03_SF_LA,202409220ram,2024,3,REG,LA,SF,Tyler Johnson,JohnTy00,,0,,,0,0,0,85.4
2024_03_SF_LA,202409220ram,2024,3,REG,LA,SF,Colby Parkinson,ParkCo02,,0,,,0,0,0,69.6
2024_03_SF_LA,202409220ram,2024,3,REG,LA,SF,Jordan Whittington,WhitJo04,,0,,,0,0,0,105.6
2024_03_SF_LA,202409220ram,2024,3,REG,LA,SF,Kyren Williams,WillKy02,,0,,,0,0,0,158.3
2024_03_SF_LA,202409220ram,2024,3,REG,LA,SF,Demarcus Robinson,RobiDe01,,1,,,0,0,0,60.4
2024_03_SF_LA,202409220ram,2024,3,REG,SF,LA,Jauan Jennings,JennJa00,,0,,,0,0,0,158.3
2024_03_SF_LA,202409220ram,2024,3,REG,SF,LA,Brandon Aiyuk,AiyuBr00,,0,,,1,0.1,0,63.7
2024_03_SF_LA,202409220ram,2024,3,REG,SF,LA,Jordan Mason,MasoJo00,,0,,,0,0,0,89.6
2024_03_SF_LA,202409220ram,2024,3,REG,SF,LA,Eric Saubert,SaubEr00,,0,,,0,0,0,118.7
2024_03_SF_LA,202409220ram,2024,3,REG,SF,LA,Ronnie Bell,BellRo01,,0,,,2,0.667,0,46.5
2024_03_SF_LA,202409220ram,2024,3,REG,SF,LA,Kyle Juszczyk,JuszKy00,,0,,,0,0,0,91.7
2024_03_KC_ATL,202409220atl,2024,3,REG,ATL,KC,Darnell Mooney,MoonDa00,,0,,,0,0,0,101
2024_03_KC_ATL,202409220atl,2024,3,REG,ATL,KC,Drake London,LondDr00,,1,,,0,0,0,125.7
2024_03_KC_ATL,202409220atl,2024,3,REG,ATL,KC,Ray-Ray McCloud,McClRa00,,0,,,0,0,0,81.2
2024_03_KC_ATL,202409220atl,2024,3,REG,ATL,KC,Kyle Pitts,PittKy00,,0,,,0,0,1,45
2024_03_KC_ATL,202409220atl,2024,3,REG,ATL,KC,Bijan Robinson,RobiBi01,,1,,,0,0,0,110.4
2024_03_KC_ATL,202409220atl,2024,3,REG,KC,ATL,Rashee Rice,RiceRa01,,3,,,1,0.071,0,123.2
2024_03_KC_ATL,202409220atl,2024,3,REG,KC,ATL,Travis Kelce,KelcTr00,,0,,,0,0,0,91.7
2024_03_KC_ATL,202409220atl,2024,3,REG,KC,ATL,Samaje Perine,PeriSa00,,0,,,0,0,0,80.2
2024_03_KC_ATL,202409220atl,2024,3,REG,KC,ATL,JuJu Smith-Schuster,SmitJu00,,0,,,1,0.333,0,120.8
2024_03_KC_ATL,202409220atl,2024,3,REG,KC,ATL,Xavier Worthy,WortXa00,,0,,,0,0,0,61.5
2024_03_KC_ATL,202409220atl,2024,3,REG,KC,ATL,Noah Gray,GrayNo00,,0,,,0,0,1,31.2
2024_03_KC_ATL,202409220atl,2024,3,REG,KC,ATL,Carson Steele,SteeCa00,,0,,,0,0,0,56.2
2024_03_KC_ATL,202409220atl,2024,3,REG,KC,ATL,Justin Watson,WatsJu01,,0,,,0,0,0,70.8
2024_03_JAX_BUF,202409230buf,2024,3,REG,BUF,JAX,Khalil Shakir,ShakKh00,,0,,,0,0,0,156.2
2024_03_JAX_BUF,202409230buf,2024,3,REG,BUF,JAX,James Cook,CookJa01,,0,,,1,0.2,0,106.7
2024_03_JAX_BUF,202409230buf,2024,3,REG,BUF,JAX,Dalton Kincaid,KincDa00,,0,,,0,0,0,125.8
2024_03_JAX_BUF,202409230buf,2024,3,REG,BUF,JAX,Curtis Samuel,SamuCu00,,1,,,0,0,0,97.2
2024_03_JAX_BUF,202409230buf,2024,3,REG,BUF,JAX,Ty Johnson,JohnTy02,,0,,,0,0,0,145.1
2024_03_JAX_BUF,202409230buf,2024,3,REG,BUF,JAX,Dawson Knox,KnoxDa00,,0,,,0,0,0,58.3
2024_03_JAX_BUF,202409230buf,2024,3,REG,BUF,JAX,Mack Hollins,HollMa00,,0,,,0,0,0,77.1
2024_03_JAX_BUF,202409230buf,2024,3,REG,BUF,JAX,Ray Davis,DaviRa04,,0,,,0,0,0,79.2
2024_03_JAX_BUF,202409230buf,2024,3,REG,BUF,JAX,Marquez Valdes-Scantling,ValdMa00,,0,,,0,0,0,58.3
2024_03_JAX_BUF,202409230buf,2024,3,REG,BUF,JAX,Keon Coleman,ColeKe02,,0,,,0,0,0,158.3
2024_03_JAX_BUF,202409230buf,2024,3,REG,JAX,BUF,Christian Kirk,KirkCh01,,0,,,0,0,0,99.6
2024_03_JAX_BUF,202409230buf,2024,3,REG,JAX,BUF,Brian Thomas,ThomBr06,,0,,,0,0,1,31
2024_03_JAX_BUF,202409230buf,2024,3,REG,JAX,BUF,Travis Etienne,EtieTr00,,0,,,1,0.167,0,70.1
2024_03_JAX_BUF,202409230buf,2024,3,REG,JAX,BUF,Parker Washington,WashPa01,,0,,,0,0,0,82.6
2024_03_JAX_BUF,202409230buf,2024,3,REG,JAX,BUF,Gabriel Davis,DaviGa01,,0,,,0,0,0,42.4
2024_03_JAX_BUF,202409230buf,2024,3,REG,JAX,BUF,Brenton Strange,StraBr00,,0,,,1,0.2,0,87.5
2024_03_JAX_BUF,202409230buf,2024,3,REG,JAX,BUF,Josiah Deguara,DeguJo00,,0,,,0,0,0,100
2024_03_JAX_BUF,202409230buf,2024,3,REG,JAX,BUF,Devin Duvernay,DuveDe00,,0,,,0,0,0,79.2
2024_03_JAX_BUF,202409230buf,2024,3,REG,JAX,BUF,Luke Farrell,FarrLu00,,0,,,0,0,0,56.2
2024_03_JAX_BUF,202409230buf,2024,3,REG,JAX,BUF,D'Ernest Johnson,JohnDE04,,0,,,0,0,0,39.6
2024_03_WAS_CIN,202409230cin,2024,3,REG,CIN,WAS,Ja'Marr Chase,ChasJa00,,1,,,1,0.143,0,158.3
2024_03_WAS_CIN,202409230cin,2024,3,REG,CIN,WAS,Andrei Iosivas,IosiAn00,,0,,,0,0,0,132.1
2024_03_WAS_CIN,202409230cin,2024,3,REG,CIN,WAS,Zack Moss,MossZa00,,0,,,0,0,0,93.7
2024_03_WAS_CIN,202409230cin,2024,3,REG,CIN,WAS,Erick All,AllxEr00,,0,,,0,0,0,89.6
2024_03_WAS_CIN,202409230cin,2024,3,REG,CIN,WAS,Mike Gesicki,GesiMi00,,0,,,0,0,0,105.8
2024_03_WAS_CIN,202409230cin,2024,3,REG,CIN,WAS,Tee Higgins,HiggTe00,,1,,,0,0,0,70.8
2024_03_WAS_CIN,202409230cin,2024,3,REG,CIN,WAS,Chase Brown,BrowCh10,,0,,,0,0,0,70.1
2024_03_WAS_CIN,202409230cin,2024,3,REG,WAS,CIN,Zach Ertz,ErtzZa00,,0,,,0,0,0,98.3
2024_03_WAS_CIN,202409230cin,2024,3,REG,WAS,CIN,Terry McLaurin,McLaTe00,,0,,,0,0,0,149.3
2024_03_WAS_CIN,202409230cin,2024,3,REG,WAS,CIN,Noah Brown,BrowNo00,,0,,,0,0,0,106.9
2024_03_WAS_CIN,202409230cin,2024,3,REG,WAS,CIN,Luke McCaffrey,McCaLu00,,1,,,0,0,0,118.7
2024_03_WAS_CIN,202409230cin,2024,3,REG,WAS,CIN,Dyami Brown,BrowDy00,,1,,,0,0,0,100
2024_03_WAS_CIN,202409230cin,2024,3,REG,WAS,CIN,Austin Ekeler,EkelAu00,,0,,,0,0,0,112.5
2024_03_WAS_CIN,202409230cin,2024,3,REG,WAS,CIN,Brian Robinson Jr.,RobiBr01,,0,,,0,0,0,83.3
2024_03_WAS_CIN,202409230cin,2024,3,REG,WAS,CIN,Trenton Scott,ScotTr01,,0,,,0,0,0,118.7
2024_04_DAL_NYG,202409260nyg,2024,4,REG,NYG,DAL,Malik Nabers,NabeMa00,,0,,,0,0,0,98.6
2024_04_DAL_NYG,202409260nyg,2024,4,REG,NYG,DAL,Wan'Dale Robinson,RobiWa01,,1,,,1,0.071,0,87.8
2024_04_DAL_NYG,202409260nyg,2024,4,REG,NYG,DAL,Darius Slayton,SlayDa01,,0,,,1,0.2,0,98.7
2024_04_DAL_NYG,202409260nyg,2024,4,REG,NYG,DAL,Theo Johnson,JohnTh00,,0,,,0,0,0,91.7
2024_04_DAL_NYG,202409260nyg,2024,4,REG,NYG,DAL,Devin Singletary,SingDe00,,0,,,0,0,0,118.7
2024_04_DAL_NYG,202409260nyg,2024,4,REG,NYG,DAL,Tyrone Tracy,TracTy00,,1,,,0,0,0,118.7
2024_04_DAL_NYG,202409260nyg,2024,4,REG,NYG,DAL,Jalin Hyatt,HyatJa00,,0,,,0,0,1,0
2024_04_DAL_NYG,202409260nyg,2024,4,REG,DAL,NYG,Jake Ferguson,FergJa00,,0,,,0,0,0,95.8
2024_04_DAL_NYG,202409260nyg,2024,4,REG,DAL,NYG,CeeDee Lamb,LambCe00,,0,,,0,0,0,157.3
2024_04_DAL_NYG,202409260nyg,2024,4,REG,DAL,NYG,Jalen Tolbert,TolbJa00,,0,,,0,0,0,100
2024_04_DAL_NYG,202409260nyg,2024,4,REG,DAL,NYG,Hunter Luepke,LuepHu00,,0,,,0,0,0,95.8
2024_04_DAL_NYG,202409260nyg,2024,4,REG,DAL,NYG,Brandin Cooks,CookBr00,,0,,,0,0,0,43.7
2024_04_DAL_NYG,202409260nyg,2024,4,REG,DAL,NYG,Rico Dowdle,DowdRi01,,0,,,0,0,0,158.3
2024_04_DAL_NYG,202409260nyg,2024,4,REG,DAL,NYG,Ezekiel Elliott,ElliEz00,,0,,,0,0,0,87.5
2024_04_NO_ATL,202409290atl,2024,4,REG,ATL,NO,Drake London,LondDr00,,0,,,1,0.083,0,66
2024_04_NO_ATL,202409290atl,2024,4,REG,ATL,NO,Ray-Ray McCloud,McClRa00,,0,,,0,0,1,58
2024_04_NO_ATL,202409290atl,2024,4,REG,ATL,NO,Bijan Robinson,RobiBi01,,0,,,0,0,0,114.6
2024_04_NO_ATL,202409290atl,2024,4,REG,ATL,NO,Darnell Mooney,MoonDa00,,0,,,1,0.167,0,82.6
2024_04_NO_ATL,202409290atl,2024,4,REG,ATL,NO,Tyler Allgeier,AllgTy00,,1,,,0,0,0,108.3
2024_04_NO_ATL,202409290atl,2024,4,REG,ATL,NO,Kyle Pitts,PittKy00,,0,,,1,0.333,0,39.6
2024_04_NO_ATL,202409290atl,2024,4,REG,NO,ATL,Chris Olave,OlavCh00,,1,,,1,0.1,1,63.3
2024_04_NO_ATL,202409290atl,2024,4,REG,NO,ATL,Rashid Shaheed,ShahRa00,,0,,,0,0,0,94.1
2024_04_NO_ATL,202409290atl,2024,4,REG,NO,ATL,Alvin Kamara,KamaAl00,,0,,,1,0.111,0,86.1
2024_04_NO_ATL,202409290atl,2024,4,REG,NO,ATL,Juwan Johnson,JohnJu02,,0,,,0,0,0,75.7
2024_04_NO_ATL,202409290atl,2024,4,REG,NO,ATL,Jamaal Williams,WillJa06,,0,,,0,0,0,83.3
2024_04_NO_ATL,202409290atl,2024,4,REG,NO,ATL,Mason Tipton,TiptMa00,,0,,,0,0,0,91.7
2024_04_CIN_CAR,202409290car,2024,4,REG,CAR,CIN,Diontae Johnson,JohnDi01,,1,,,0,0,1,67.1
2024_04_CIN_CAR,202409290car,2024,4,REG,CAR,CIN,Xavier Legette,LegeXa00,,0,,,2,0.2,0,112.9
2024_04_CIN_CAR,202409290car,2024,4,REG,CAR,CIN,Chuba Hubbard,HubbCh01,,0,,,0,0,0,84.4
2024_04_CIN_CAR,202409290car,2024,4,REG,CAR,CIN,Jonathan Mingo,MingJo00,,1,,,1,0.2,0,72.1
2024_04_CIN_CAR,202409290car,2024,4,REG,CAR,CIN,Miles Sanders,SandMi01,,0,,,0,0,0,79.2
2024_04_CIN_CAR,202409290car,2024,4,REG,CAR,CIN,Ja'Tavion Sanders,SandJa01,,0,,,0,0,0,100
2024_04_CIN_CAR,202409290car,2024,4,REG,CAR,CIN,Jalen Coker,CokeJa01,,0,,,0,0,0,39.6
2024_04_CIN_CAR,202409290car,2024,4,REG,CAR,CIN,Feleipe Franks,FranFe00,,0,,,0,0,0,39.6
2024_04_CIN_CAR,202409290car,2024,4,REG,CIN,CAR,Tee Higgins,HiggTe00,,0,,,0,0,0,77.1
2024_04_CIN_CAR,202409290car,2024,4,REG,CIN,CAR,Erick All,AllxEr00,,1,,,0,0,0,95.8
2024_04_CIN_CAR,202409290car,2024,4,REG,CIN,CAR,Zack Moss,MossZa00,,0,,,0,0,0,134.4
2024_04_CIN_CAR,202409290car,2024,4,REG,CIN,CAR,Ja'Marr Chase,ChasJa00,,2,,,0,0,1,95.8
2024_04_CIN_CAR,202409290car,2024,4,REG,CIN,CAR,Chase Brown,BrowCh10,,0,,,0,0,0,74.3
2024_04_CIN_CAR,202409290car,2024,4,REG,CIN,CAR,Mike Gesicki,GesiMi00,,0,,,0,0,0,79.2
2024_04_CIN_CAR,202409290car,2024,4,REG,CIN,CAR,Andrei Iosivas,IosiAn00,,0,,,0,0,0,118.7
2024_04_CIN_CAR,202409290car,2024,4,REG,CIN,CAR,Drew Sample,SampDr00,,0,,,0,0,0,79.2
2024_04_LA_CHI,202409290chi,2024,4,REG,CHI,LA,D'Andre Swift,SwifDA00,,1,,,0,0,0,109.5
2024_04_LA_CHI,202409290chi,2024,4,REG,CHI,LA,Keenan Allen,AlleKe00,,0,,,0,0,0,93.1
2024_04_LA_CHI,202409290chi,2024,4,REG,CHI,LA,Cole Kmet,KmetCo00,,0,,,0,0,0,113.9
2024_04_LA_CHI,202409290chi,2024,4,REG,CHI,LA,D.J. Moore,MoorD.00,,0,,,0,0,0,98.6
2024_04_LA_CHI,202409290chi,2024,4,REG,CHI,LA,Rome Odunze,OdunRo00,,0,,,0,0,0,43.7
2024_04_LA_CHI,202409290chi,2024,4,REG,LA,CHI,Jordan Whittington,WhitJo04,,0,,,0,0,0,96.9
2024_04_LA_CHI,202409290chi,2024,4,REG,LA,CHI,Tutu Atwell,AtweTu00,,0,,,0,0,0,109.7
2024_04_LA_CHI,202409290chi,2024,4,REG,LA,CHI,Colby Parkinson,ParkCo02,,0,,,0,0,0,69.3
2024_04_LA_CHI,202409290chi,2024,4,REG,LA,CHI,Kyren Williams,WillKy02,,0,,,0,0,0,79.2
2024_04_LA_CHI,202409290chi,2024,4,REG,LA,CHI,Demarcus Robinson,RobiDe01,,0,,,0,0,1,69.4
2024_04_LA_CHI,202409290chi,2024,4,REG,LA,CHI,Tyler Johnson,JohnTy00,,0,,,0,0,0,39.6
2024_04_MIN_GB,202409290gnb,2024,4,REG,GB,MIN,Jayden Reed,ReedJa03,,0,,,1,0.125,0,158.3
2024_04_MIN_GB,202409290gnb,2024,4,REG,GB,MIN,Tucker Kraft,KrafTu00,,2,,,0,0,0,119.2
2024_04_MIN_GB,202409290gnb,2024,4,REG,GB,MIN,Dontayvion Wicks,WickDo00,,0,,,2,0.154,1,66.7
2024_04_MIN_GB,202409290gnb,2024,4,REG,GB,MIN,Josh Jacobs,JacoJo01,,2,,,0,0,0,76.4
2024_04_MIN_GB,202409290gnb,2024,4,REG,GB,MIN,Romeo Doubs,DoubRo00,,0,,,1,0.125,1,24.5
2024_04_MIN_GB,202409290gnb,2024,4,REG,GB,MIN,Luke Musgrave,MusgLu00,,0,,,0,0,0,84.7
2024_04_MIN_GB,202409290gnb,2024,4,REG,GB,MIN,Malik Heath,HeatMa00,,0,,,0,0,0,91.7
2024_04_MIN_GB,202409290gnb,2024,4,REG,GB,MIN,Bo Melton,MeltBo00,,0,,,0,0,0,68.7
2024_04_MIN_GB,202409290gnb,2024,4,REG,GB,MIN,Christian Watson,WatsCh00,,0,,,0,0,1,0
2024_04_MIN_GB,202409290gnb,2024,4,REG,GB,MIN,Emanuel Wilson,WilsEm00,,0,,,0,0,0,39.6
2024_04_MIN_GB,202409290gnb,2024,4,REG,MIN,GB,Justin Jefferson,JeffJu00,,0,,,0,0,0,148.4
2024_04_MIN_GB,202409290gnb,2024,4,REG,MIN,GB,Aaron Jones,JoneAa00,,0,,,0,0,1,65.4
2024_04_MIN_GB,202409290gnb,2024,4,REG,MIN,GB,Jordan Addison,AddiJo00,,0,,,0,0,0,156.2
2024_04_MIN_GB,202409290gnb,2024,4,REG,MIN,GB,Josh Oliver,OlivJo00,,0,,,0,0,0,127.1
2024_04_MIN_GB,202409290gnb,2024,4,REG,MIN,GB,Johnny Mundt,MundJo00,,1,,,0,0,0,97.9
2024_04_MIN_GB,202409290gnb,2024,4,REG,MIN,GB,Ty Chandler,ChanTy01,,0,,,0,0,0,100
2024_04_MIN_GB,202409290gnb,2024,4,REG,MIN,GB,Trent Sherfield,SherTr00,,0,,,0,0,0,100
2024_04_MIN_GB,202409290gnb,2024,4,REG,MIN,GB,Jalen Nailor,NailJa00,,0,,,0,0,0,95.8
2024_04_MIN_GB,202409290gnb,2024,4,REG,MIN,GB,Brandon Powell,PoweBr00,,0,,,0,0,0,39.6
2024_04_JAX_HOU,202409290htx,2024,4,REG,HOU,JAX,Nico Collins,CollNi00,,0,,,0,0,0,130.8
2024_04_JAX_HOU,202409290htx,2024,4,REG,HOU,JAX,Stefon Diggs,DiggSt00,,0,,,1,0.111,0,80.3
2024_04_JAX_HOU,202409290htx,2024,4,REG,HOU,JAX,Dare Ogunbowale,OgunDa00,,0,,,0,0,0,155.2
2024_04_JAX_HOU,202409290htx,2024,4,REG,HOU,JAX,Dalton Schultz,SchuDa00,,0,,,0,0,0,80.4
2024_04_JAX_HOU,202409290htx,2024,4,REG,HOU,JAX,John Metchie,MetcJo00,,0,,,0,0,0,95.8
2024_04_JAX_HOU,202409290htx,2024,4,REG,HOU,JAX,Cade Stover,StovCa00,,0,,,0,0,0,118.7
2024_04_JAX_HOU,202409290htx,2024,4,REG,HOU,JAX,Robert Woods,WoodRo02,,0,,,0,0,0,43.7
2024_04_JAX_HOU,202409290htx,2024,4,REG,HOU,JAX,J.J. Taylor,TaylJJ01,,0,,,1,1,0,39.6
2024_04_JAX_HOU,202409290htx,2024,4,REG,JAX,HOU,Christian Kirk,KirkCh01,,0,,,0,0,0,99.7
2024_04_JAX_HOU,202409290htx,2024,4,REG,JAX,HOU,Brian Thomas,ThomBr06,,0,,,0,0,0,134.5
2024_04_JAX_HOU,202409290htx,2024,4,REG,JAX,HOU,Brenton Strange,StraBr00,,0,,,0,0,0,93.1
2024_04_JAX_HOU,202409290htx,2024,4,REG,JAX,HOU,Gabriel Davis,DaviGa01,,0,,,0,0,0,39.6
2024_04_JAX_HOU,202409290htx,2024,4,REG,JAX,HOU,Travis Etienne,EtieTr00,,0,,,1,0.5,0,64.6
2024_04_JAX_HOU,202409290htx,2024,4,REG,JAX,HOU,Luke Farrell,FarrLu00,,0,,,1,1,0,39.6
2024_04_PIT_IND,202409290clt,2024,4,REG,IND,PIT,Josh Downs,DownJo00,,0,,,0,0,0,141.7
2024_04_PIT_IND,202409290clt,2024,4,REG,IND,PIT,Michael Pittman Jr.,PittMi01,,0,,,0,0,0,109.7
2024_04_PIT_IND,202409290clt,2024,4,REG,IND,PIT,Jonathan Taylor,TaylJo02,,0,,,0,0,0,85.4
2024_04_PIT_IND,202409290clt,2024,4,REG,IND,PIT,Andrew Ogletree,OgleAn00,,0,,,0,0,0,158.3
2024_04_PIT_IND,202409290clt,2024,4,REG,IND,PIT,Alec Pierce,PierAl00,,0,,,0,0,0,62.5
2024_04_PIT_IND,202409290clt,2024,4,REG,IND,PIT,Adonai Mitchell,MitcAd00,,0,,,1,0.333,0,39.6
2024_04_PIT_IND,202409290clt,2024,4,REG,PIT,IND,George Pickens,PickGe00,,0,,,1,0.091,0,97.9
2024_04_PIT_IND,202409290clt,2024,4,REG,PIT,IND,Pat Freiermuth,FreiPa00,,1,,,0,0,0,135.1
2024_04_PIT_IND,202409290clt,2024,4,REG,PIT,IND,Najee Harris,HarrNa00,,0,,,1,0.167,0,81.2
2024_04_PIT_IND,202409290clt,2024,4,REG,PIT,IND,Van Jefferson,JeffVa00,,0,,,0,0,0,86.8
2024_04_PIT_IND,202409290clt,2024,4,REG,PIT,IND,Cordarrelle Patterson,PattCo00,,0,,,0,0,0,106.2
2024_04_PIT_IND,202409290clt,2024,4,REG,PIT,IND,Darnell Washington,WashDa03,,1,,,0,0,0,118.7
2024_04_PIT_IND,202409290clt,2024,4,REG,PIT,IND,Calvin Austin,AustCa00,,0,,,0,0,0,118.7
2024_04_DEN_NYJ,202409290nyj,2024,4,REG,NYJ,DEN,Garrett Wilson,WilsGa00,,0,,,0,0,0,75.5
2024_04_DEN_NYJ,202409290nyj,2024,4,REG,NYJ,DEN,Allen Lazard,LazaAl00,,0,,,1,0.125,0,84.4
2024_04_DEN_NYJ,202409290nyj,2024,4,REG,NYJ,DEN,Tyler Conklin,ConkTy00,,0,,,0,0,0,56.2
2024_04_DEN_NYJ,202409290nyj,2024,4,REG,NYJ,DEN,Mike Williams,WillMi07,,0,,,0,0,0,118.7
2024_04_DEN_NYJ,202409290nyj,2024,4,REG,NYJ,DEN,Breece Hall,HallBr03,,0,,,0,0,0,47.9
2024_04_DEN_NYJ,202409290nyj,2024,4,REG,NYJ,DEN,Jeremy Ruckert,RuckJe00,,0,,,0,0,0,87.5
2024_04_DEN_NYJ,202409290nyj,2024,4,REG,NYJ,DEN,Xavier Gipson,GipsXa00,,0,,,1,0.25,0,39.6
2024_04_DEN_NYJ,202409290nyj,2024,4,REG,NYJ,DEN,Braelon Allen,AlleBr05,,0,,,0,0,0,116.7
2024_04_DEN_NYJ,202409290nyj,2024,4,REG,DEN,NYJ,Courtland Sutton,SuttCo00,,0,,,2,0.222,0,94.7
2024_04_DEN_NYJ,202409290nyj,2024,4,REG,DEN,NYJ,Tyler Badie,BadiTy00,,0,,,0,0,0,79.2
2024_04_DEN_NYJ,202409290nyj,2024,4,REG,DEN,NYJ,Javonte Williams,WillJa10,,0,,,0,0,0,70.1
2024_04_DEN_NYJ,202409290nyj,2024,4,REG,DEN,NYJ,Troy Franklin,FranTr00,,0,,,0,0,0,56.2
2024_04_DEN_NYJ,202409290nyj,2024,4,REG,DEN,NYJ,Nate Adkins,AdkiNa00,,0,,,0,0,0,79.2
2024_04_DEN_NYJ,202409290nyj,2024,4,REG,DEN,NYJ,Michael Burton,BurtMi00,,0,,,0,0,0,79.2
2024_04_DEN_NYJ,202409290nyj,2024,4,REG,DEN,NYJ,Jaleel McLaughlin,McLaJa00,,0,,,0,0,0,79.2
2024_04_DEN_NYJ,202409290nyj,2024,4,REG,DEN,NYJ,Greg Dulcich,DulcGr00,,0,,,0,0,0,39.6
2024_04_DEN_NYJ,202409290nyj,2024,4,REG,DEN,NYJ,Josh Reynolds,ReynJo00,,0,,,0,0,0,39.6
2024_04_DEN_NYJ,202409290nyj,2024,4,REG,DEN,NYJ,Lil'Jordan Humphrey,HumpLi01,,0,,,0,0,0,39.6
2024_04_PHI_TB,202409290tam,2024,4,REG,TB,PHI,Mike Evans,EvanMi00,,1,,,0,0,0,101.5
2024_04_PHI_TB,202409290tam,2024,4,REG,TB,PHI,Cade Otton,OttoCa00,,2,,,1,0.111,0,81.7
2024_04_PHI_TB,202409290tam,2024,4,REG,TB,PHI,Chris Godwin,GodwCh00,,1,,,0,0,0,89.6
2024_04_PHI_TB,202409290tam,2024,4,REG,TB,PHI,Trey Palmer,PalmTr00,,0,,,0,0,0,142.4
2024_04_PHI_TB,202409290tam,2024,4,REG,TB,PHI,Sterling Shepard,ShepSt00,,0,,,0,0,0,94.6
2024_04_PHI_TB,202409290tam,2024,4,REG,TB,PHI,Rachaad White,WhitRa01,,0,,,0,0,0,106.2
2024_04_PHI_TB,202409290tam,2024,4,REG,TB,PHI,Bucky Irving,IrviBu00,,0,,,1,0.5,0,56.2
2024_04_PHI_TB,202409290tam,2024,4,REG,TB,PHI,Sean Tucker,TuckSe00,,0,,,0,0,0,118.7
2024_04_PHI_TB,202409290tam,2024,4,REG,TB,PHI,Kameron Johnson,JohnKa01,,0,,,1,1,0,39.6
2024_04_PHI_TB,202409290tam,2024,4,REG,PHI,TB,Dallas Goedert,GoedDa00,,0,,,1,0.125,0,99
2024_04_PHI_TB,202409290tam,2024,4,REG,PHI,TB,Parris Campbell,CampPa00,,0,,,0,0,0,124
2024_04_PHI_TB,202409290tam,2024,4,REG,PHI,TB,Jahan Dotson,DotsJa00,,0,,,0,0,0,56.2
2024_04_PHI_TB,202409290tam,2024,4,REG,PHI,TB,Saquon Barkley,BarkSa00,,1,,,0,0,0,77.1
2024_04_PHI_TB,202409290tam,2024,4,REG,PHI,TB,Grant Calcaterra,CalcGr00,,0,,,0,0,0,95.8
2024_04_PHI_TB,202409290tam,2024,4,REG,PHI,TB,Jack Stoll,StolJa00,,0,,,0,0,0,56.2
2024_04_PHI_TB,202409290tam,2024,4,REG,PHI,TB,John Ross,RossJo00,,0,,,0,0,0,56.2
2024_04_PHI_TB,202409290tam,2024,4,REG,PHI,TB,Johnny Wilson,WilsJo03,,0,,,0,0,0,39.6
2024_04_PHI_TB,202409290tam,2024,4,REG,PHI,TB,Kenneth Gainwell,GainKe00,,0,,,0,0,0,39.6
2024_04_WAS_ARI,202409290crd,2024,4,REG,ARI,WAS,Marvin Harrison Jr.,HarrMa09,,0,,,1,0.167,0,137.5
2024_04_WAS_ARI,202409290crd,2024,4,REG,ARI,WAS,Greg Dortch,DortGr01,,1,,,0,0,0,106.2
2024_04_WAS_ARI,202409290crd,2024,4,REG,ARI,WAS,Michael Wilson,WilsMi02,,0,,,1,0.143,0,60.4
2024_04_WAS_ARI,202409290crd,2024,4,REG,ARI,WAS,Elijah Higgins,HiggEl00,,0,,,1,0.333,0,74.3
2024_04_WAS_ARI,202409290crd,2024,4,REG,ARI,WAS,James Conner,ConnJa00,,0,,,0,0,0,104.2
2024_04_WAS_ARI,202409290crd,2024,4,REG,ARI,WAS,Emari Demercado,DemeEm00,,0,,,0,0,0,79.2
2024_04_WAS_ARI,202409290crd,2024,4,REG,WAS,ARI,Terry McLaurin,McLaTe00,,0,,,0,0,1,75.8
2024_04_WAS_ARI,202409290crd,2024,4,REG,WAS,ARI,Olamide Zaccheaus,ZaccOl01,,1,,,0,0,0,118.7
2024_04_WAS_ARI,202409290crd,2024,4,REG,WAS,ARI,Noah Brown,BrowNo00,,0,,,0,0,0,91.7
2024_04_WAS_ARI,202409290crd,2024,4,REG,WAS,ARI,Zach Ertz,ErtzZa00,,0,,,0,0,0,97.2
2024_04_WAS_ARI,202409290crd,2024,4,REG,WAS,ARI,Brian Robinson Jr.,RobiBr01,,0,,,0,0,0,83.3
2024_04_WAS_ARI,202409290crd,2024,4,REG,WAS,ARI,John Bates,BateJo00,,0,,,0,0,0,104.2
2024_04_WAS_ARI,202409290crd,2024,4,REG,WAS,ARI,Dyami Brown,BrowDy00,,0,,,0,0,0,83.3
2024_04_WAS_ARI,202409290crd,2024,4,REG,WAS,ARI,Luke McCaffrey,McCaLu00,,0,,,0,0,0,118.7
2024_04_WAS_ARI,202409290crd,2024,4,REG,WAS,ARI,Jeremy McNichols,McNiJe00,,0,,,0,0,0,91.7
2024_04_NE_SF,202409290sfo,2024,4,REG,SF,NE,George Kittle,KittGe00,,0,,,0,0,0,153.1
2024_04_NE_SF,202409290sfo,2024,4,REG,SF,NE,Jauan Jennings,JennJa00,,1,,,1,0.167,0,95.8
2024_04_NE_SF,202409290sfo,2024,4,REG,SF,NE,Deebo Samuel,SamuDe00,,0,,,0,0,0,100.4
2024_04_NE_SF,202409290sfo,2024,4,REG,SF,NE,Jordan Mason,MasoJo00,,1,,,0,0,0,109
2024_04_NE_SF,202409290sfo,2024,4,REG,SF,NE,Brandon Aiyuk,AiyuBr00,,0,,,0,0,1,35.8
2024_04_NE_SF,202409290sfo,2024,4,REG,SF,NE,Kyle Juszczyk,JuszKy00,,0,,,0,0,0,116.7
2024_04_NE_SF,202409290sfo,2024,4,REG,SF,NE,Chris Conley,ConlCh00,,0,,,0,0,0,39.6
2024_04_NE_SF,202409290sfo,2024,4,REG,NE,SF,Rhamondre Stevenson,StevRh00,,1,,,1,0.2,0,82.5
2024_04_NE_SF,202409290sfo,2024,4,REG,NE,SF,Demario Douglas,DougDe00,,0,,,0,0,0,84.7
2024_04_NE_SF,202409290sfo,2024,4,REG,NE,SF,Antonio Gibson,GibsAn00,,0,,,1,0.25,0,116.7
2024_04_NE_SF,202409290sfo,2024,4,REG,NE,SF,Ja'Lynn Polk,PolkJa00,,0,,,1,0.143,0,55.7
2024_04_NE_SF,202409290sfo,2024,4,REG,NE,SF,Hunter Henry,HenrHu00,,0,,,0,0,0,74.3
2024_04_NE_SF,202409290sfo,2024,4,REG,NE,SF,Austin Hooper,HoopAu00,,0,,,0,0,0,133.3
2024_04_NE_SF,202409290sfo,2024,4,REG,NE,SF,Kayshon Boutte,BoutKa00,,0,,,0,0,0,112.5
2024_04_NE_SF,202409290sfo,2024,4,REG,NE,SF,K.J. Osborn,OsboKJ00,,0,,,0,0,0,39.6
2024_04_NE_SF,202409290sfo,2024,4,REG,NE,SF,Tyquan Thornton,ThorTy00,,0,,,0,0,1,0
2024_04_NE_SF,202409290sfo,2024,4,REG,NE,SF,Jamycal Hasty,HastJa02,,0,,,0,0,0,39.6
2024_04_KC_LAC,202409290sdg,2024,4,REG,LAC,KC,Ladd McConkey,McCoLa00,,2,,,0,0,0,141.1
2024_04_KC_LAC,202409290sdg,2024,4,REG,LAC,KC,J.K. Dobbins,DobbJK00,,0,,,1,0.25,0,95.8
2024_04_KC_LAC,202409290sdg,2024,4,REG,LAC,KC,Josh Palmer,PalmJo00,,0,,,1,0.25,0,102.1
2024_04_KC_LAC,202409290sdg,2024,4,REG,LAC,KC,Will Dissly,DissWi00,,0,,,0,0,0,91
2024_04_KC_LAC,202409290sdg,2024,4,REG,LAC,KC,Hayden Hurst,HursHa00,,0,,,1,0.333,0,42.4
2024_04_KC_LAC,202409290sdg,2024,4,REG,LAC,KC,Quentin Johnston,JohnQu02,,0,,,1,0.2,0,39.6
2024_04_KC_LAC,202409290sdg,2024,4,REG,LAC,KC,Scott Matlock,MatlSc00,,0,,,0,0,0,95.8
2024_04_KC_LAC,202409290sdg,2024,4,REG,KC,LAC,Travis Kelce,KelcTr00,,0,,,0,0,1,68.3
2024_04_KC_LAC,202409290sdg,2024,4,REG,KC,LAC,Noah Gray,GrayNo00,,0,,,0,0,0,108.3
2024_04_KC_LAC,202409290sdg,2024,4,REG,KC,LAC,Xavier Worthy,WortXa00,,0,,,0,0,0,156.2
2024_04_KC_LAC,202409290sdg,2024,4,REG,KC,LAC,Kareem Hunt,HuntKa00,,0,,,0,0,0,79.9
2024_04_KC_LAC,202409290sdg,2024,4,REG,KC,LAC,Justin Watson,WatsJu01,,0,,,0,0,0,95.1
2024_04_KC_LAC,202409290sdg,2024,4,REG,KC,LAC,Carson Steele,SteeCa00,,2,,,0,0,0,42.4
2024_04_KC_LAC,202409290sdg,2024,4,REG,KC,LAC,Skyy Moore,MoorSk01,,0,,,1,0.5,0,39.6
2024_04_CLE_LV,202409290rai,2024,4,REG,LV,CLE,Jakobi Meyers,MeyeJa01,,0,,,0,0,0,64.2
2024_04_CLE_LV,202409290rai,2024,4,REG,LV,CLE,Tre Tucker,TuckTr00,,2,,,0,0,0,95.1
2024_04_CLE_LV,202409290rai,2024,4,REG,LV,CLE,Brock Bowers,BoweBr01,,2,,,1,0.333,0,84
2024_04_CLE_LV,202409290rai,2024,4,REG,LV,CLE,Harrison Bryant,BryaHa00,,1,,,0,0,0,110.4
2024_04_CLE_LV,202409290rai,2024,4,REG,LV,CLE,Alexander Mattison,MattAl01,,0,,,1,1,0,39.6
2024_04_CLE_LV,202409290rai,2024,4,REG,LV,CLE,DJ Turner,TurnDJ00,,0,,,0,0,0,39.6
2024_04_CLE_LV,202409290rai,2024,4,REG,LV,CLE,Zamir White,WhitZa01,,0,,,1,1,0,39.6
2024_04_CLE_LV,202409290rai,2024,4,REG,CLE,LV,Jerome Ford,FordJe00,,2,,,0,0,0,82.7
2024_04_CLE_LV,202409290rai,2024,4,REG,CLE,LV,Jerry Jeudy,JeudJe00,,0,,,1,0.111,0,91
2024_04_CLE_LV,202409290rai,2024,4,REG,CLE,LV,Amari Cooper,CoopAm00,,0,,,2,0.25,1,22.4
2024_04_CLE_LV,202409290rai,2024,4,REG,CLE,LV,Blake Whiteheart,WhitBl01,,0,,,0,0,0,124.3
2024_04_CLE_LV,202409290rai,2024,4,REG,CLE,LV,Jordan Akins,AkinJo00,,0,,,0,0,0,64.6
2024_04_CLE_LV,202409290rai,2024,4,REG,CLE,LV,D'Onta Foreman,ForeDO00,,1,,,0,0,0,87.5
2024_04_CLE_LV,202409290rai,2024,4,REG,CLE,LV,Elijah Moore,MoorEl00,,0,,,0,0,0,112.5
2024_04_CLE_LV,202409290rai,2024,4,REG,CLE,LV,James Proche,ProcJa00,,1,,,0,0,0,79.2
2024_04_BUF_BAL,202409290rav,2024,4,REG,BAL,BUF,Justice Hill,HillJu00,,1,,,0,0,0,158.3
2024_04_BUF_BAL,202409290rav,2024,4,REG,BAL,BUF,Derrick Henry,HenrDe00,,0,,,0,0,0,120.1
2024_04_BUF_BAL,202409290rav,2024,4,REG,BAL,BUF,Nelson Agholor,AghoNe00,,0,,,1,0.333,0,71.5
2024_04_BUF_BAL,202409290rav,2024,4,REG,BAL,BUF,Rashod Bateman,BateRa00,,0,,,0,0,0,118.7
2024_04_BUF_BAL,202409290rav,2024,4,REG,BAL,BUF,Zay Flowers,FlowZa00,,1,,,1,0.5,0,64.6
2024_04_BUF_BAL,202409290rav,2024,4,REG,BAL,BUF,Isaiah Likely,LikeIs00,,0,,,1,0.5,0,95.8
2024_04_BUF_BAL,202409290rav,2024,4,REG,BAL,BUF,Mark Andrews,AndrMa00,,0,,,1,1,0,39.6
2024_04_BUF_BAL,202409290rav,2024,4,REG,BUF,BAL,Dalton Kincaid,KincDa00,,0,,,2,0.286,0,89.6
2024_04_BUF_BAL,202409290rav,2024,4,REG,BUF,BAL,Khalil Shakir,ShakKh00,,0,,,0,0,0,118.3
2024_04_BUF_BAL,202409290rav,2024,4,REG,BUF,BAL,Keon Coleman,ColeKe02,,0,,,1,0.25,0,116.7
2024_04_BUF_BAL,202409290rav,2024,4,REG,BUF,BAL,Curtis Samuel,SamuCu00,,0,,,0,0,0,83.3
2024_04_BUF_BAL,202409290rav,2024,4,REG,BUF,BAL,James Cook,CookJa01,,0,,,0,0,0,104.2
2024_04_BUF_BAL,202409290rav,2024,4,REG,BUF,BAL,Mack Hollins,HollMa00,,0,,,2,0.333,0,39.6
2024_04_BUF_BAL,202409290rav,2024,4,REG,BUF,BAL,Dawson Knox,KnoxDa00,,0,,,0,0,0,79.2
2024_04_BUF_BAL,202409290rav,2024,4,REG,BUF,BAL,Marquez Valdes-Scantling,ValdMa00,,0,,,0,0,0,39.6
2024_04_TEN_MIA,202409300mia,2024,4,REG,MIA,TEN,Tyreek Hill,HillTy00,,0,,,0,0,0,63.4
2024_04_TEN_MIA,202409300mia,2024,4,REG,MIA,TEN,Jaylen Waddle,WaddJa00,,0,,,1,0.167,0,82.6
2024_04_TEN_MIA,202409300mia,2024,4,REG,MIA,TEN,De'Von Achane,AchaDe00,,0,,,0,0,0,86.1
2024_04_TEN_MIA,202409300mia,2024,4,REG,MIA,TEN,Tanner Conner,ConnTa00,,0,,,0,0,0,97.9
2024_04_TEN_MIA,202409300mia,2024,4,REG,MIA,TEN,Malik Washington,WashMa00,,0,,,0,0,0,100
2024_04_TEN_MIA,202409300mia,2024,4,REG,MIA,TEN,Jonnu Smith,SmitJo01,,0,,,0,0,0,39.6
2024_04_TEN_MIA,202409300mia,2024,4,REG,MIA,TEN,Jaylen Wright,WrigJa04,,0,,,0,0,0,39.6
2024_04_TEN_MIA,202409300mia,2024,4,REG,TEN,MIA,Tyler Boyd,BoydTy00,,0,,,0,0,0,118.7
2024_04_TEN_MIA,202409300mia,2024,4,REG,TEN,MIA,DeAndre Hopkins,HopkDe00,,0,,,1,0.25,1,36.5
2024_04_TEN_MIA,202409300mia,2024,4,REG,TEN,MIA,Tony Pollard,PollTo00,,0,,,0,0,0,108.3
2024_04_TEN_MIA,202409300mia,2024,4,REG,TEN,MIA,Tyjae Spears,SpeaTy00,,0,,,0,0,0,79.2
2024_04_TEN_MIA,202409300mia,2024,4,REG,TEN,MIA,Treylon Burks,BurkTr00,,0,,,0,0,0,118.7
2024_04_TEN_MIA,202409300mia,2024,4,REG,TEN,MIA,Chigoziem Okonkwo,OkonCh00,,0,,,0,0,0,42.4
2024_04_TEN_MIA,202409300mia,2024,4,REG,TEN,MIA,Calvin Ridley,RidlCa00,,0,,,1,0.333,0,42.4
2024_04_TEN_MIA,202409300mia,2024,4,REG,TEN,MIA,Josh Whyle,WhylJo01,,0,,,0,0,0,87.5
2024_04_SEA_DET,202409300det,2024,4,REG,DET,SEA,Amon-Ra St. Brown,StxxAm00,,0,,,0,0,0,137.5
2024_04_SEA_DET,202409300det,2024,4,REG,DET,SEA,Sam LaPorta,LaPoSa01,,1,,,0,0,0,118.7
2024_04_SEA_DET,202409300det,2024,4,REG,DET,SEA,Brock Wright,WrigBr01,,0,,,0,0,0,93.7
2024_04_SEA_DET,202409300det,2024,4,REG,DET,SEA,Jameson Williams,WillJa11,,0,,,0,0,0,158.3
2024_04_SEA_DET,202409300det,2024,4,REG,DET,SEA,Tim Patrick,PatrTi00,,0,,,0,0,0,118.7
2024_04_SEA_DET,202409300det,2024,4,REG,DET,SEA,Kalif Raymond,RaymKa00,,0,,,0,0,0,104.2
2024_04_SEA_DET,202409300det,2024,4,REG,DET,SEA,David Montgomery,MontDa01,,2,,,0,0,0,118.7
2024_04_SEA_DET,202409300det,2024,4,REG,DET,SEA,Jared Goff,GoffJa00,,0,,,0,0,0,135.4
2024_04_SEA_DET,202409300det,2024,4,REG,SEA,DET,Jaxon Smith-Njigba,SmitJa06,,0,,,0,0,1,40.6
2024_04_SEA_DET,202409300det,2024,4,REG,SEA,DET,D.K. Metcalf,MetcDK00,,1,,,0,0,0,86.8
2024_04_SEA_DET,202409300det,2024,4,REG,SEA,DET,Zach Charbonnet,CharZa00,,0,,,0,0,0,99.2
2024_04_SEA_DET,202409300det,2024,4,REG,SEA,DET,Tyler Lockett,LockTy00,,0,,,0,0,0,76.6
2024_04_SEA_DET,202409300det,2024,4,REG,SEA,DET,Kenneth Walker III,WalkKe00,,1,,,1,0.2,0,96.7
2024_04_SEA_DET,202409300det,2024,4,REG,SEA,DET,Jake Bobo,BoboJa00,,0,,,0,0,0,108.3
2024_04_SEA_DET,202409300det,2024,4,REG,SEA,DET,Noah Fant,FantNo00,,0,,,0,0,0,118.7
2024_04_SEA_DET,202409300det,2024,4,REG,SEA,DET,AJ Barner,BarnAJ00,,0,,,0,0,0,158.3
2024_04_SEA_DET,202409300det,2024,4,REG,SEA,DET,Pharaoh Brown,BrowPh01,,0,,,1,0.5,0,56.2
2024_04_SEA_DET,202409300det,2024,4,REG,SEA,DET,Laviska Shenault Jr.,ShenLa00,,0,,,0,0,0,118.7
2024_05_TB_ATL,202410030atl,2024,5,REG,ATL,TB,Drake London,LondDr00,,1,,,0,0,0,141.7
2024_05_TB_ATL,202410030atl,2024,5,REG,ATL,TB,Darnell Mooney,MoonDa00,,1,,,4,0.25,1,89.8
2024_05_TB_ATL,202410030atl,2024,5,REG,ATL,TB,Kyle Pitts,PittKy00,,0,,,0,0,0,112.5
2024_05_TB_ATL,202410030atl,2024,5,REG,ATL,TB,Ray-Ray McCloud,McClRa00,,0,,,0,0,0,88.2
2024_05_TB_ATL,202410030atl,2024,5,REG,ATL,TB,Tyler Allgeier,AllgTy00,,0,,,0,0,0,84.7
2024_05_TB_ATL,202410030atl,2024,5,REG,ATL,TB,Bijan Robinson,RobiBi01,,0,,,0,0,0,88.9
2024_05_TB_ATL,202410030atl,2024,5,REG,ATL,TB,KhaDarel Hodge,HodgKh00,,0,,,0,0,0,158.3
2024_05_TB_ATL,202410030atl,2024,5,REG,TB,ATL,Mike Evans,EvanMi00,,0,,,0,0,0,138.1
2024_05_TB_ATL,202410030atl,2024,5,REG,TB,ATL,Chris Godwin,GodwCh00,,0,,,1,0.167,0,111.1
2024_05_TB_ATL,202410030atl,2024,5,REG,TB,ATL,Cade Otton,OttoCa00,,0,,,1,0.25,0,110.4
2024_05_TB_ATL,202410030atl,2024,5,REG,TB,ATL,Rachaad White,WhitRa01,,0,,,0,0,0,79.2
2024_05_TB_ATL,202410030atl,2024,5,REG,TB,ATL,Bucky Irving,IrviBu00,,0,,,0,0,0,91.7
2024_05_TB_ATL,202410030atl,2024,5,REG,TB,ATL,Sterling Shepard,ShepSt00,,0,,,0,0,0,95.8
