game_id,pfr_game_id,season,week,game_type,team,opponent,pfr_player_name,pfr_player_id,passing_drops,passing_drop_pct,receiving_drop,receiving_drop_pct,passing_bad_throws,passing_bad_throw_pct,times_sacked,times_blitzed,times_hurried,times_hit,times_pressured,times_pressured_pct,def_times_blitzed,def_times_hurried,def_times_hitqb
2024_01_BAL_KC,202409050kan,2024,1,REG,KC,BAL,Patrick Mahomes,MahoPa00,2,0.074,,,2,0.074,2,4,5,4,11,0.367,,,
2024_01_BAL_KC,202409050kan,2024,1,REG,BAL,KC,Lamar Jackson,JackLa00,0,0,,,11,0.275,1,13,10,1,12,0.235,,,
2024_01_GB_PHI,202409060phi,2024,1,REG,PHI,GB,Jalen Hurts,HurtJa00,0,0,,,5,0.172,2,7,4,3,9,0.231,,,
2024_01_GB_PHI,202409060phi,2024,1,REG,GB,PHI,Jordan Love,LoveJo03,4,0.129,,,6,0.194,1,10,2,3,6,0.171,,,
2024_01_GB_PHI,202409060phi,2024,1,REG,GB,PHI,Malik Willis,WillMa12,0,0,,,1,1,1,0,1,0,2,1,,,
2024_01_PIT_ATL,202409080atl,2024,1,REG,ATL,PIT,Kirk Cousins,CousKi00,0,0,,,4,0.174,2,3,2,5,9,0.321,,,
2024_01_PIT_ATL,202409080atl,2024,1,REG,PIT,ATL,Justin Fields,FielJu00,0,0,,,4,0.182,2,4,1,1,4,0.138,,,
2024_01_ARI_BUF,202409080buf,2024,1,REG,BUF,ARI,Josh Allen,AlleJo02,0,0,,,3,0.13,2,7,1,1,4,0.138,,,
2024_01_ARI_BUF,202409080buf,2024,1,REG,ARI,BUF,Kyler Murray,MurrKy00,4,0.129,,,3,0.097,4,9,4,2,10,0.263,,,
2024_01_TEN_CHI,202409080chi,2024,1,REG,CHI,TEN,Caleb Williams,WillCa03,1,0.037,,,9,0.333,2,9,4,3,9,0.273,,,
2024_01_TEN_CHI,202409080chi,2024,1,REG,TEN,CHI,Will Levis,LeviWi00,2,0.069,,,8,0.276,3,5,7,7,17,0.447,,,
2024_01_NE_CIN,202409080cin,2024,1,REG,CIN,NE,Joe Burrow,BurrJo01,1,0.034,,,4,0.138,3,7,0,0,3,0.086,,,
2024_01_NE_CIN,202409080cin,2024,1,REG,NE,CIN,Jacoby Brissett,BrisJa00,0,0,,,6,0.261,1,5,1,6,8,0.276,,,
2024_01_HOU_IND,202409080clt,2024,1,REG,IND,HOU,Anthony Richardson,RichAn03,0,0,,,5,0.263,2,2,2,0,4,0.167,,,
2024_01_HOU_IND,202409080clt,2024,1,REG,HOU,IND,C.J. Stroud,StroCJ00,1,0.032,,,5,0.161,4,9,5,4,13,0.342,,,
2024_01_JAX_MIA,202409080mia,2024,1,REG,MIA,JAX,Tua Tagovailoa,TagoTu00,1,0.028,,,7,0.194,3,11,2,1,6,0.146,,,
2024_01_JAX_MIA,202409080mia,2024,1,REG,JAX,MIA,Trevor Lawrence,LawrTr00,0,0,,,7,0.35,3,10,1,1,5,0.2,,,
2024_01_CAR_NO,202409080nor,2024,1,REG,NO,CAR,Derek Carr,CarrDe02,0,0,,,2,0.087,1,8,1,0,2,0.08,,,
2024_01_CAR_NO,202409080nor,2024,1,REG,NO,CAR,Jake Haener,HaenJa00,0,0,,,0,0,0,1,0,0,0,0,,,
2024_01_CAR_NO,202409080nor,2024,1,REG,CAR,NO,Bryce Young,YounBr01,1,0.037,,,11,0.407,4,13,6,2,12,0.316,,,
2024_01_CAR_NO,202409080nor,2024,1,REG,CAR,NO,Andy Dalton,DaltAn00,0,0,,,0,0,0,1,0,0,0,0,,,
2024_01_MIN_NYG,202409080nyg,2024,1,REG,NYG,MIN,Daniel Jones,JoneDa05,5,0.132,,,5,0.132,5,12,7,7,19,0.388,,,
2024_01_MIN_NYG,202409080nyg,2024,1,REG,MIN,NYG,Sam Darnold,DarnSa00,0,0,,,2,0.083,1,5,3,1,5,0.192,,,
2024_01_LV_LAC,202409080sdg,2024,1,REG,LAC,LV,Justin Herbert,HerbJu00,3,0.115,,,4,0.154,1,12,0,4,5,0.179,,,
2024_01_LV_LAC,202409080sdg,2024,1,REG,LV,LAC,Gardner Minshew II,MinsGa00,0,0,,,3,0.094,4,10,1,2,7,0.175,,,
2024_01_DEN_SEA,202409080sea,2024,1,REG,SEA,DEN,Geno Smith,SmitGe00,0,0,,,7,0.28,2,10,3,5,10,0.357,,,
2024_01_DEN_SEA,202409080sea,2024,1,REG,DEN,SEA,Bo Nix,NixxBo00,2,0.048,,,9,0.214,2,10,4,7,13,0.265,,,
2024_01_DAL_CLE,202409080cle,2024,1,REG,CLE,DAL,Deshaun Watson,WatsDe00,5,0.116,,,10,0.233,6,12,7,12,25,0.446,,,
2024_01_DAL_CLE,202409080cle,2024,1,REG,DAL,CLE,Dak Prescott,PresDa01,2,0.063,,,5,0.156,3,9,4,2,9,0.257,,,
2024_01_WAS_TB,202409080tam,2024,1,REG,TB,WAS,Baker Mayfield,MayfBa00,1,0.033,,,3,0.1,1,14,5,3,9,0.265,,,
2024_01_WAS_TB,202409080tam,2024,1,REG,WAS,TB,Jayden Daniels,DaniJa02,1,0.042,,,4,0.167,2,11,3,1,6,0.182,,,
2024_01_LA_DET,202409080det,2024,1,REG,DET,LA,Jared Goff,GoffJa00,3,0.107,,,4,0.143,2,4,0,3,5,0.161,,,
2024_01_LA_DET,202409080det,2024,1,REG,LA,DET,Matthew Stafford,StafMa00,4,0.083,,,6,0.125,2,14,5,9,16,0.314,,,
2024_01_NYJ_SF,202409090sfo,2024,1,REG,SF,NYJ,Brock Purdy,PurdBr00,1,0.034,,,5,0.172,2,7,3,1,6,0.188,,,
2024_01_NYJ_SF,202409090sfo,2024,1,REG,NYJ,SF,Aaron Rodgers,RodgAa00,2,0.095,,,4,0.19,1,2,1,2,4,0.182,,,
2024_01_NYJ_SF,202409090sfo,2024,1,REG,NYJ,SF,Tyrod Taylor,TaylTy00,0,0,,,1,0.125,0,1,1,1,2,0.222,,,
2024_02_BUF_MIA,202409120mia,2024,2,REG,MIA,BUF,Tua Tagovailoa,TagoTu00,0,0,,,7,0.28,1,0,0,1,2,0.071,,,
2024_02_BUF_MIA,202409120mia,2024,2,REG,MIA,BUF,Skylar Thompson,ThomSk00,1,0.071,,,4,0.286,1,1,0,2,3,0.188,,,
2024_02_BUF_MIA,202409120mia,2024,2,REG,BUF,MIA,Josh Allen,AlleJo02,0,0,,,3,0.158,0,4,2,0,2,0.1,,,
2024_02_LV_BAL,202409150rav,2024,2,REG,BAL,LV,Lamar Jackson,JackLa00,0,0,,,4,0.129,2,5,2,0,4,0.105,,,
2024_02_LV_BAL,202409150rav,2024,2,REG,LV,BAL,Gardner Minshew II,MinsGa00,1,0.028,,,3,0.083,5,10,3,4,12,0.279,,,
2024_02_LAC_CAR,202409150car,2024,2,REG,CAR,LAC,Bryce Young,YounBr01,0,0,,,4,0.154,2,6,0,0,2,0.069,,,
2024_02_LAC_CAR,202409150car,2024,2,REG,LAC,CAR,Justin Herbert,HerbJu00,0,0,,,4,0.2,1,8,0,1,2,0.091,,,
2024_02_NO_DAL,202409150dal,2024,2,REG,DAL,NO,Dak Prescott,PresDa01,0,0,,,5,0.132,3,6,7,0,10,0.233,,,
2024_02_NO_DAL,202409150dal,2024,2,REG,DAL,NO,Cooper Rush,RushCo00,0,0,,,0,0,0,0,0,0,0,0,,,
2024_02_NO_DAL,202409150dal,2024,2,REG,NO,DAL,Derek Carr,CarrDe02,1,0.067,,,1,0.067,1,7,7,1,9,0.529,,,
2024_02_TB_DET,202409150det,2024,2,REG,DET,TB,Jared Goff,GoffJa00,0,0,,,11,0.212,0,12,3,10,13,0.228,,,
2024_02_TB_DET,202409150det,2024,2,REG,DET,TB,Jack Fox,FoxxJa01,0,0,,,0,0,0,0,0,0,0,0,,,
2024_02_TB_DET,202409150det,2024,2,REG,TB,DET,Baker Mayfield,MayfBa00,1,0.053,,,3,0.158,5,11,3,0,8,0.286,,,
2024_02_IND_GB,202409150gnb,2024,2,REG,GB,IND,Malik Willis,WillMa12,0,0,,,1,0.071,0,6,1,0,1,0.063,,,
2024_02_IND_GB,202409150gnb,2024,2,REG,IND,GB,Anthony Richardson,RichAn03,1,0.031,,,8,0.25,1,4,4,2,7,0.189,,,
2024_02_CLE_JAX,202409150jax,2024,2,REG,JAX,CLE,Trevor Lawrence,LawrTr00,4,0.143,,,6,0.214,4,9,1,4,9,0.25,,,
2024_02_CLE_JAX,202409150jax,2024,2,REG,CLE,JAX,Deshaun Watson,WatsDe00,5,0.147,,,3,0.088,2,9,4,6,12,0.316,,,
2024_02_SF_MIN,202409150min,2024,2,REG,MIN,SF,Sam Darnold,DarnSa00,0,0,,,3,0.125,3,3,3,2,8,0.258,,,
2024_02_SF_MIN,202409150min,2024,2,REG,SF,MIN,Brock Purdy,PurdBr00,0,0,,,4,0.111,6,21,7,3,16,0.364,,,
2024_02_SEA_NE,202409150nwe,2024,2,REG,NE,SEA,Jacoby Brissett,BrisJa00,2,0.083,,,5,0.208,3,7,7,4,14,0.438,,,
2024_02_SEA_NE,202409150nwe,2024,2,REG,SEA,NE,Geno Smith,SmitGe00,4,0.093,,,2,0.047,3,15,5,3,11,0.229,,,
2024_02_NYJ_TEN,202409150oti,2024,2,REG,TEN,NYJ,Will Levis,LeviWi00,1,0.037,,,3,0.111,4,4,0,2,6,0.171,,,
2024_02_NYJ_TEN,202409150oti,2024,2,REG,NYJ,TEN,Aaron Rodgers,RodgAa00,3,0.103,,,7,0.241,2,8,1,1,4,0.121,,,
2024_02_NYG_WAS,202409150was,2024,2,REG,WAS,NYG,Jayden Daniels,DaniJa02,0,0,,,3,0.103,5,12,3,2,10,0.263,,,
2024_02_NYG_WAS,202409150was,2024,2,REG,NYG,WAS,Daniel Jones,JoneDa05,1,0.037,,,6,0.222,1,7,2,3,6,0.2,,,
2024_02_LA_ARI,202409150crd,2024,2,REG,ARI,LA,Kyler Murray,MurrKy00,1,0.048,,,3,0.143,1,4,2,0,3,0.115,,,
2024_02_LA_ARI,202409150crd,2024,2,REG,LA,ARI,Matthew Stafford,StafMa00,2,0.074,,,5,0.185,5,6,1,4,10,0.313,,,
2024_02_PIT_DEN,202409150den,2024,2,REG,DEN,PIT,Bo Nix,NixxBo00,2,0.059,,,9,0.265,2,8,2,4,8,0.205,,,
2024_02_PIT_DEN,202409150den,2024,2,REG,PIT,DEN,Justin Fields,FielJu00,0,0,,,4,0.222,2,12,0,4,6,0.231,,,
2024_02_CIN_KC,202409150kan,2024,2,REG,KC,CIN,Patrick Mahomes,MahoPa00,0,0,,,4,0.174,2,5,0,2,4,0.129,,,
2024_02_CIN_KC,202409150kan,2024,2,REG,CIN,KC,Joe Burrow,BurrJo01,3,0.088,,,5,0.147,3,15,0,3,6,0.146,,,
2024_02_CHI_HOU,202409150htx,2024,2,REG,HOU,CHI,C.J. Stroud,StroCJ00,1,0.029,,,5,0.147,3,9,5,1,9,0.231,,,
2024_02_CHI_HOU,202409150htx,2024,2,REG,CHI,HOU,Caleb Williams,WillCa03,2,0.059,,,8,0.235,7,15,3,3,13,0.271,,,
2024_02_ATL_PHI,202409160phi,2024,2,REG,PHI,ATL,Jalen Hurts,HurtJa00,1,0.034,,,1,0.034,1,9,3,4,8,0.229,,,
2024_02_ATL_PHI,202409160phi,2024,2,REG,ATL,PHI,Kirk Cousins,CousKi00,1,0.034,,,4,0.138,1,6,3,1,5,0.161,,,
2024_03_NE_NYJ,202409190nyj,2024,3,REG,NYJ,NE,Aaron Rodgers,RodgAa00,2,0.057,,,5,0.143,2,6,0,2,4,0.1,,,
2024_03_NE_NYJ,202409190nyj,2024,3,REG,NE,NYJ,Jacoby Brissett,BrisJa00,1,0.056,,,4,0.222,5,7,2,4,11,0.478,,,
2024_03_NE_NYJ,202409190nyj,2024,3,REG,NE,NYJ,Drake Maye,MayeDr00,1,0.125,,,2,0.25,2,2,0,1,3,0.25,,,
2024_03_NYG_CLE,202409220cle,2024,3,REG,CLE,NYG,Deshaun Watson,WatsDe00,4,0.114,,,7,0.2,8,19,0,7,15,0.319,,,
2024_03_NYG_CLE,202409220cle,2024,3,REG,NYG,CLE,Daniel Jones,JoneDa05,4,0.121,,,2,0.061,2,9,1,7,10,0.263,,,
2024_03_NYG_CLE,202409220cle,2024,3,REG,NYG,CLE,Malik Nabers,NabeMa00,0,0,,,1,1,0,1,1,0,1,1,,,
2024_03_CHI_IND,202409220clt,2024,3,REG,IND,CHI,Anthony Richardson,RichAn03,2,0.111,,,3,0.167,1,3,4,2,7,0.318,,,
2024_03_CHI_IND,202409220clt,2024,3,REG,CHI,IND,Caleb Williams,WillCa03,1,0.021,,,11,0.229,4,7,7,1,12,0.214,,,
2024_03_HOU_MIN,202409220min,2024,3,REG,MIN,HOU,Sam Darnold,DarnSa00,2,0.08,,,3,0.12,4,6,5,3,12,0.375,,,
2024_03_HOU_MIN,202409220min,2024,3,REG,HOU,MIN,C.J. Stroud,StroCJ00,1,0.033,,,5,0.167,4,14,2,2,8,0.211,,,
2024_03_HOU_MIN,202409220min,2024,3,REG,HOU,MIN,Davis Mills,MillDa02,1,0.083,,,2,0.167,1,9,1,1,3,0.231,,,
2024_03_HOU_MIN,202409220min,2024,3,REG,HOU,MIN,Stefon Diggs,DiggSt00,0,0,,,0,0,0,0,0,0,0,0,,,
2024_03_PHI_NO,202409220nor,2024,3,REG,NO,PHI,Derek Carr,CarrDe02,0,0,,,1,0.042,1,6,2,3,6,0.222,,,
2024_03_PHI_NO,202409220nor,2024,3,REG,PHI,NO,Jalen Hurts,HurtJa00,0,0,,,5,0.139,4,13,3,4,11,0.244,,,
2024_03_LAC_PIT,202409220pit,2024,3,REG,PIT,LAC,Justin Fields,FielJu00,2,0.065,,,3,0.097,2,10,1,3,6,0.171,,,
2024_03_LAC_PIT,202409220pit,2024,3,REG,LAC,PIT,Justin Herbert,HerbJu00,2,0.111,,,3,0.167,2,6,2,2,6,0.3,,,
2024_03_LAC_PIT,202409220pit,2024,3,REG,LAC,PIT,Taylor Heinicke,HeinTa00,0,0,,,0,0,3,0,0,0,3,0.6,,,
2024_03_DEN_TB,202409220tam,2024,3,REG,TB,DEN,Baker Mayfield,MayfBa00,2,0.063,,,3,0.094,7,17,6,2,15,0.375,,,
2024_03_DEN_TB,202409220tam,2024,3,REG,DEN,TB,Bo Nix,NixxBo00,0,0,,,4,0.118,0,17,6,2,8,0.205,,,
2024_03_GB_TEN,202409220oti,2024,3,REG,TEN,GB,Will Levis,LeviWi00,3,0.091,,,4,0.121,8,7,0,2,10,0.227,,,
2024_03_GB_TEN,202409220oti,2024,3,REG,GB,TEN,Malik Willis,WillMa12,2,0.105,,,4,0.211,3,6,0,0,3,0.12,,,
2024_03_CAR_LV,202409220rai,2024,3,REG,LV,CAR,Gardner Minshew II,MinsGa00,0,0,,,4,0.148,2,8,1,2,5,0.156,,,
2024_03_CAR_LV,202409220rai,2024,3,REG,LV,CAR,Aidan O'Connell,OConAi00,0,0,,,2,0.167,1,2,1,1,3,0.231,,,
2024_03_CAR_LV,202409220rai,2024,3,REG,CAR,LV,Andy Dalton,DaltAn00,2,0.054,,,4,0.108,2,22,3,2,7,0.179,,,
2024_03_MIA_SEA,202409220sea,2024,3,REG,SEA,MIA,Geno Smith,SmitGe00,0,0,,,4,0.121,3,8,4,3,10,0.27,,,
2024_03_MIA_SEA,202409220sea,2024,3,REG,MIA,SEA,Skylar Thompson,ThomSk00,1,0.056,,,2,0.111,5,6,2,4,11,0.458,,,
2024_03_MIA_SEA,202409220sea,2024,3,REG,MIA,SEA,Tim Boyle,BoylTi00,1,0.077,,,3,0.231,1,0,0,2,3,0.2,,,
2024_03_DET_ARI,202409220crd,2024,3,REG,ARI,DET,Kyler Murray,MurrKy00,0,0,,,8,0.235,1,8,3,3,7,0.189,,,
2024_03_DET_ARI,202409220crd,2024,3,REG,DET,ARI,Jared Goff,GoffJa00,0,0,,,4,0.174,2,7,0,0,2,0.077,,,
2024_03_BAL_DAL,202409220dal,2024,3,REG,DAL,BAL,Dak Prescott,PresDa01,1,0.02,,,12,0.24,3,16,2,5,10,0.182,,,
2024_03_BAL_DAL,202409220dal,2024,3,REG,BAL,DAL,Lamar Jackson,JackLa00,0,0,,,3,0.2,0,6,0,1,1,0.059,,,
2024_03_SF_LA,202409220ram,2024,3,REG,LA,SF,Matthew Stafford,StafMa00,0,0,,,3,0.136,3,7,3,2,8,0.286,,,
2024_03_SF_LA,202409220ram,2024,3,REG,LA,SF,Tutu Atwell,AtweTu00,0,0,,,0,0,0,0,0,0,0,0,,,
2024_03_SF_LA,202409220ram,2024,3,REG,SF,LA,Brock Purdy,PurdBr00,3,0.1,,,3,0.1,1,6,4,4,9,0.237,,,
2024_03_KC_ATL,202409220atl,2024,3,REG,ATL,KC,Kirk Cousins,CousKi00,0,0,,,3,0.111,2,12,3,8,13,0.419,,,
2024_03_KC_ATL,202409220atl,2024,3,REG,KC,ATL,Patrick Mahomes,MahoPa00,2,0.056,,,6,0.167,0,7,1,7,8,0.19,,,
2024_03_JAX_BUF,202409230buf,2024,3,REG,BUF,JAX,Josh Allen,AlleJo02,1,0.034,,,2,0.069,0,9,1,1,2,0.059,,,
2024_03_JAX_BUF,202409230buf,2024,3,REG,BUF,JAX,Mitchell Trubisky,TrubMi00,0,0,,,0,0,0,0,0,0,0,0,,,
2024_03_JAX_BUF,202409230buf,2024,3,REG,JAX,BUF,Trevor Lawrence,LawrTr00,2,0.056,,,7,0.194,4,8,3,3,10,0.233,,,
2024_03_JAX_BUF,202409230buf,2024,3,REG,JAX,BUF,Mac Jones,JoneMa05,0,0,,,1,0.125,1,0,0,0,1,0.111,,,
2024_03_WAS_CIN,202409230cin,2024,3,REG,CIN,WAS,Joe Burrow,BurrJo01,1,0.026,,,5,0.132,2,6,0,2,4,0.098,,,
2024_03_WAS_CIN,202409230cin,2024,3,REG,WAS,CIN,Jayden Daniels,DaniJa02,0,0,,,2,0.087,2,8,1,1,4,0.133,,,
2024_04_DAL_NYG,202409260nyg,2024,4,REG,NYG,DAL,Daniel Jones,JoneDa05,2,0.05,,,3,0.075,1,11,0,2,3,0.073,,,
2024_04_DAL_NYG,202409260nyg,2024,4,REG,DAL,NYG,Dak Prescott,PresDa01,0,0,,,2,0.074,1,6,1,2,4,0.143,,,
2024_04_NO_ATL,202409290atl,2024,4,REG,ATL,NO,Kirk Cousins,CousKi00,3,0.088,,,3,0.088,1,4,1,3,5,0.139,,,
2024_04_NO_ATL,202409290atl,2024,4,REG,NO,ATL,Derek Carr,CarrDe02,2,0.056,,,4,0.111,1,10,1,2,4,0.105,,,
2024_04_CIN_CAR,202409290car,2024,4,REG,CAR,CIN,Andy Dalton,DaltAn00,3,0.077,,,6,0.154,0,12,1,2,3,0.071,,,
2024_04_CIN_CAR,202409290car,2024,4,REG,CAR,CIN,Johnny Hekker,HekkJo00,0,0,,,0,0,0,0,0,0,0,0,,,
2024_04_CIN_CAR,202409290car,2024,4,REG,CIN,CAR,Joe Burrow,BurrJo01,0,0,,,5,0.167,0,9,2,2,4,0.125,,,
2024_04_LA_CHI,202409290chi,2024,4,REG,CHI,LA,Caleb Williams,WillCa03,0,0,,,6,0.261,3,9,2,1,6,0.231,,,
2024_04_LA_CHI,202409290chi,2024,4,REG,LA,CHI,Matthew Stafford,StafMa00,0,0,,,6,0.207,3,11,1,4,8,0.25,,,
2024_04_MIN_GB,202409290gnb,2024,4,REG,GB,MIN,Jordan Love,LoveJo03,4,0.074,,,9,0.167,1,25,9,9,19,0.339,,,
2024_04_MIN_GB,202409290gnb,2024,4,REG,MIN,GB,Sam Darnold,DarnSa00,0,0,,,6,0.222,2,7,6,1,9,0.273,,,
2024_04_JAX_HOU,202409290htx,2024,4,REG,HOU,JAX,C.J. Stroud,StroCJ00,2,0.051,,,7,0.179,2,2,7,5,14,0.311,,,
2024_04_JAX_HOU,202409290htx,2024,4,REG,JAX,HOU,Trevor Lawrence,LawrTr00,2,0.063,,,7,0.219,1,13,3,2,6,0.171,,,
2024_04_PIT_IND,202409290clt,2024,4,REG,IND,PIT,Joe Flacco,FlacJo00,1,0.042,,,4,0.167,2,10,0,4,6,0.207,,,
2024_04_PIT_IND,202409290clt,2024,4,REG,IND,PIT,Anthony Richardson,RichAn03,0,0,,,1,0.25,0,1,0,0,0,0,,,
2024_04_PIT_IND,202409290clt,2024,4,REG,PIT,IND,Justin Fields,FielJu00,2,0.063,,,3,0.094,4,5,4,3,11,0.262,,,
2024_04_DEN_NYJ,202409290nyj,2024,4,REG,NYJ,DEN,Aaron Rodgers,RodgAa00,2,0.049,,,11,0.268,5,21,1,8,14,0.275,,,
2024_04_DEN_NYJ,202409290nyj,2024,4,REG,DEN,NYJ,Bo Nix,NixxBo00,2,0.08,,,10,0.4,0,7,5,2,7,0.259,,,
2024_04_PHI_TB,202409290tam,2024,4,REG,TB,PHI,Baker Mayfield,MayfBa00,3,0.064,,,6,0.128,2,12,1,1,4,0.08,,,
2024_04_PHI_TB,202409290tam,2024,4,REG,PHI,TB,Jalen Hurts,HurtJa00,1,0.034,,,6,0.207,6,15,4,2,12,0.324,,,
2024_04_WAS_ARI,202409290crd,2024,4,REG,ARI,WAS,Kyler Murray,MurrKy00,3,0.136,,,2,0.091,4,6,2,1,7,0.259,,,
2024_04_WAS_ARI,202409290crd,2024,4,REG,WAS,ARI,Jayden Daniels,DaniJa02,0,0,,,3,0.1,0,5,0,1,1,0.028,,,
2024_04_NE_SF,202409290sfo,2024,4,REG,SF,NE,Brock Purdy,PurdBr00,1,0.038,,,5,0.192,1,9,2,3,6,0.2,,,
2024_04_NE_SF,202409290sfo,2024,4,REG,NE,SF,Jacoby Brissett,BrisJa00,3,0.094,,,5,0.156,6,13,4,6,16,0.41,,,
2024_04_KC_LAC,202409290sdg,2024,4,REG,LAC,KC,Justin Herbert,HerbJu00,4,0.148,,,5,0.185,2,8,1,8,11,0.379,,,
2024_04_KC_LAC,202409290sdg,2024,4,REG,KC,LAC,Patrick Mahomes,MahoPa00,1,0.036,,,4,0.143,3,6,2,1,6,0.176,,,
2024_04_CLE_LV,202409290rai,2024,4,REG,LV,CLE,Gardner Minshew II,MinsGa00,3,0.125,,,6,0.25,2,15,1,2,5,0.192,,,
2024_04_CLE_LV,202409290rai,2024,4,REG,CLE,LV,Deshaun Watson,WatsDe00,3,0.094,,,2,0.063,3,7,1,7,11,0.262,,,
2024_04_BUF_BAL,202409290rav,2024,4,REG,BAL,BUF,Lamar Jackson,JackLa00,4,0.235,,,0,0,1,3,0,1,2,0.105,,,
2024_04_BUF_BAL,202409290rav,2024,4,REG,BAL,BUF,Josh Johnson,JohnJo05,0,0,,,0,0,0,0,0,1,1,1,,,
2024_04_BUF_BAL,202409290rav,2024,4,REG,BUF,BAL,Josh Allen,AlleJo02,5,0.2,,,4,0.16,3,9,0,6,9,0.265,,,
2024_04_BUF_BAL,202409290rav,2024,4,REG,BUF,BAL,Mitchell Trubisky,TrubMi00,0,0,,,1,0.5,0,1,0,0,0,0,,,
2024_04_TEN_MIA,202409300mia,2024,4,REG,MIA,TEN,Tyler Huntley,HuntTy01,1,0.048,,,5,0.238,2,0,1,3,6,0.231,,,
2024_04_TEN_MIA,202409300mia,2024,4,REG,TEN,MIA,Mason Rudolph,RudoMa00,2,0.143,,,0,0,1,2,1,2,4,0.222,,,
2024_04_TEN_MIA,202409300mia,2024,4,REG,TEN,MIA,Will Levis,LeviWi00,0,0,,,1,0.25,0,0,1,0,1,0.2,,,
2024_04_SEA_DET,202409300det,2024,4,REG,DET,SEA,Jared Goff,GoffJa00,0,0,,,0,0,3,10,3,1,7,0.333,,,
2024_04_SEA_DET,202409300det,2024,4,REG,DET,SEA,Amon-Ra St. Brown,StxxAm00,0,0,,,0,0,0,1,0,0,0,0,,,
2024_04_SEA_DET,202409300det,2024,4,REG,SEA,DET,Geno Smith,SmitGe00,2,0.038,,,4,0.075,3,21,5,5,13,0.21,,,
2024_05_TB_ATL,202410030atl,2024,5,REG,ATL,TB,Kirk Cousins,CousKi00,4,0.074,,,0,0,4,12,0,6,10,0.161,,,
2024_05_TB_ATL,202410030atl,2024,5,REG,ATL,TB,Darnell Mooney,MoonDa00,0,0,,,0,0,0,1,0,1,1,1,,,
2024_05_TB_ATL,202410030atl,2024,5,REG,TB,ATL,Baker Mayfield,MayfBa00,2,0.083,,,2,0.083,1,10,0,0,1,0.033,,,
