game_id,pfr_game_id,season,week,game_type,team,opponent,pfr_player_name,pfr_player_id,carries,rushing_yards_before_contact,rushing_yards_before_contact_avg,rushing_yards_after_contact,rushing_yards_after_contact_avg,rushing_broken_tackles,receiving_broken_tackles
2024_01_BAL_KC,202409050kan,2024,1,REG,KC,BAL,Isiah Pacheco,PachIs00,15,18,1.2,27,1.8,0,
2024_01_BAL_KC,202409050kan,2024,1,REG,KC,BAL,Patrick Mahomes,MahoPa00,2,2,1,1,0.5,0,
2024_01_BAL_KC,202409050kan,2024,1,REG,KC,BAL,Carson Steele,SteeCa00,2,0,0,3,1.5,0,
2024_01_BAL_KC,202409050kan,2024,1,REG,KC,BAL,Xavier Worthy,WortXa00,1,17,17,4,4,0,
2024_01_BAL_KC,202409050kan,2024,1,REG,BAL,KC,Lamar Jackson,JackLa00,16,87,5.4,35,2.2,3,
2024_01_BAL_KC,202409050kan,2024,1,REG,BAL,KC,Derrick Henry,HenrDe00,13,18,1.4,28,2.2,2,
2024_01_BAL_KC,202409050kan,2024,1,REG,BAL,KC,Zay Flowers,FlowZa00,2,7,3.5,7,3.5,1,
2024_01_BAL_KC,202409050kan,2024,1,REG,BAL,KC,Justice Hill,HillJu00,1,3,3,0,0,0,
2024_01_GB_PHI,202409060phi,2024,1,REG,PHI,GB,Saquon Barkley,BarkSa00,24,78,3.3,31,1.3,0,
2024_01_GB_PHI,202409060phi,2024,1,REG,PHI,GB,Jalen Hurts,HurtJa00,13,17,1.3,16,1.2,1,
2024_01_GB_PHI,202409060phi,2024,1,REG,PHI,GB,Kenneth Gainwell,GainKe00,1,0,0,2,2,0,
2024_01_GB_PHI,202409060phi,2024,1,REG,GB,PHI,Josh Jacobs,JacoJo01,16,43,2.7,41,2.6,2,
2024_01_GB_PHI,202409060phi,2024,1,REG,GB,PHI,Emanuel Wilson,WilsEm00,4,28,7,18,4.5,1,
2024_01_GB_PHI,202409060phi,2024,1,REG,GB,PHI,Jayden Reed,ReedJa03,1,10,10,23,23,1,
2024_01_PIT_ATL,202409080atl,2024,1,REG,ATL,PIT,Bijan Robinson,RobiBi01,18,18,1,50,2.8,4,
2024_01_PIT_ATL,202409080atl,2024,1,REG,ATL,PIT,Tyler Allgeier,AllgTy00,3,10,3.3,11,3.7,0,
2024_01_PIT_ATL,202409080atl,2024,1,REG,ATL,PIT,Kirk Cousins,CousKi00,1,0,0,0,0,0,
2024_01_PIT_ATL,202409080atl,2024,1,REG,PIT,ATL,Najee Harris,HarrNa00,20,22,1.1,48,2.4,2,
2024_01_PIT_ATL,202409080atl,2024,1,REG,PIT,ATL,Justin Fields,FielJu00,14,20,1.4,37,2.6,1,
2024_01_PIT_ATL,202409080atl,2024,1,REG,PIT,ATL,Cordarrelle Patterson,PattCo00,4,3,0.8,10,2.5,0,
2024_01_PIT_ATL,202409080atl,2024,1,REG,PIT,ATL,Jaylen Warren,WarrJa01,2,2,1,5,2.5,0,
2024_01_PIT_ATL,202409080atl,2024,1,REG,PIT,ATL,George Pickens,PickGe00,1,-10,-10,0,0,0,
2024_01_ARI_BUF,202409080buf,2024,1,REG,BUF,ARI,James Cook,CookJa01,19,40,2.1,31,1.6,1,
2024_01_ARI_BUF,202409080buf,2024,1,REG,BUF,ARI,Josh Allen,AlleJo02,9,28,3.1,11,1.2,0,
2024_01_ARI_BUF,202409080buf,2024,1,REG,BUF,ARI,Ray Davis,DaviRa04,3,5,1.7,8,2.7,0,
2024_01_ARI_BUF,202409080buf,2024,1,REG,BUF,ARI,Ty Johnson,JohnTy02,2,4,2,3,1.5,0,
2024_01_ARI_BUF,202409080buf,2024,1,REG,ARI,BUF,James Conner,ConnJa00,16,27,1.7,23,1.4,0,
2024_01_ARI_BUF,202409080buf,2024,1,REG,ARI,BUF,Kyler Murray,MurrKy00,5,38,7.6,19,3.8,0,
2024_01_ARI_BUF,202409080buf,2024,1,REG,ARI,BUF,Trey Benson,BensTr01,3,6,2,7,2.3,0,
2024_01_ARI_BUF,202409080buf,2024,1,REG,ARI,BUF,Greg Dortch,DortGr01,1,3,3,1,1,0,
2024_01_TEN_CHI,202409080chi,2024,1,REG,CHI,TEN,D'Andre Swift,SwifDA00,10,17,1.7,13,1.3,0,
2024_01_TEN_CHI,202409080chi,2024,1,REG,CHI,TEN,Caleb Williams,WillCa03,5,12,2.4,3,0.6,0,
2024_01_TEN_CHI,202409080chi,2024,1,REG,CHI,TEN,Khalil Herbert,HerbKh00,2,1,0.5,3,1.5,0,
2024_01_TEN_CHI,202409080chi,2024,1,REG,CHI,TEN,Travis Homer,HomeTr00,2,8,4,2,1,0,
2024_01_TEN_CHI,202409080chi,2024,1,REG,CHI,TEN,Velus Jones Jr.,JoneVe00,2,6,3,5,2.5,0,
2024_01_TEN_CHI,202409080chi,2024,1,REG,CHI,TEN,D.J. Moore,MoorD.00,1,14,14,0,0,0,
2024_01_TEN_CHI,202409080chi,2024,1,REG,TEN,CHI,Tony Pollard,PollTo00,16,44,2.8,38,2.4,3,
2024_01_TEN_CHI,202409080chi,2024,1,REG,TEN,CHI,Will Levis,LeviWi00,4,22,5.5,14,3.5,1,
2024_01_TEN_CHI,202409080chi,2024,1,REG,TEN,CHI,Tyjae Spears,SpeaTy00,4,10,2.5,11,2.8,0,
2024_01_TEN_CHI,202409080chi,2024,1,REG,TEN,CHI,Treylon Burks,BurkTr00,2,-5,-2.5,6,3,1,
2024_01_NE_CIN,202409080cin,2024,1,REG,CIN,NE,Zack Moss,MossZa00,9,27,3,17,1.9,0,
2024_01_NE_CIN,202409080cin,2024,1,REG,CIN,NE,Joe Burrow,BurrJo01,4,13,3.3,2,0.5,0,
2024_01_NE_CIN,202409080cin,2024,1,REG,CIN,NE,Chase Brown,BrowCh10,3,7,2.3,4,1.3,1,
2024_01_NE_CIN,202409080cin,2024,1,REG,NE,CIN,Rhamondre Stevenson,StevRh00,25,45,1.8,75,3,2,
2024_01_NE_CIN,202409080cin,2024,1,REG,NE,CIN,Jacoby Brissett,BrisJa00,7,27,3.9,5,0.7,0,
2024_01_NE_CIN,202409080cin,2024,1,REG,NE,CIN,Antonio Gibson,GibsAn00,7,10,1.4,8,1.1,1,
2024_01_HOU_IND,202409080clt,2024,1,REG,IND,HOU,Jonathan Taylor,TaylJo02,16,29,1.8,19,1.2,1,
2024_01_HOU_IND,202409080clt,2024,1,REG,IND,HOU,Anthony Richardson,RichAn03,6,41,6.8,15,2.5,1,
2024_01_HOU_IND,202409080clt,2024,1,REG,HOU,IND,Joe Mixon,MixoJo00,30,104,3.5,55,1.8,2,
2024_01_HOU_IND,202409080clt,2024,1,REG,HOU,IND,C.J. Stroud,StroCJ00,4,0,0,13,3.3,1,
2024_01_HOU_IND,202409080clt,2024,1,REG,HOU,IND,Dameon Pierce,PierDa01,3,3,1,13,4.3,2,
2024_01_HOU_IND,202409080clt,2024,1,REG,HOU,IND,Tank Dell,DellNa00,2,19,9.5,0,0,0,
2024_01_HOU_IND,202409080clt,2024,1,REG,HOU,IND,Stefon Diggs,DiggSt00,1,4,4,2,2,0,
2024_01_JAX_MIA,202409080mia,2024,1,REG,MIA,JAX,De'Von Achane,AchaDe00,10,22,2.2,2,0.2,0,
2024_01_JAX_MIA,202409080mia,2024,1,REG,MIA,JAX,Raheem Mostert,MostRa00,6,2,0.3,7,1.2,0,
2024_01_JAX_MIA,202409080mia,2024,1,REG,MIA,JAX,Jeff Wilson,WilsJe01,5,10,2,16,3.2,0,
2024_01_JAX_MIA,202409080mia,2024,1,REG,MIA,JAX,Alec Ingold,IngoAl01,2,1,0.5,7,3.5,0,
2024_01_JAX_MIA,202409080mia,2024,1,REG,MIA,JAX,Tua Tagovailoa,TagoTu00,1,11,11,0,0,0,
2024_01_JAX_MIA,202409080mia,2024,1,REG,MIA,JAX,Jaylen Waddle,WaddJa00,1,0,0,3,3,0,
2024_01_JAX_MIA,202409080mia,2024,1,REG,JAX,MIA,Tank Bigsby,BigsTa00,12,47,3.9,26,2.2,1,
2024_01_JAX_MIA,202409080mia,2024,1,REG,JAX,MIA,Travis Etienne,EtieTr00,12,31,2.6,13,1.1,0,
2024_01_JAX_MIA,202409080mia,2024,1,REG,JAX,MIA,Devin Duvernay,DuveDe00,1,1,1,2,2,0,
2024_01_JAX_MIA,202409080mia,2024,1,REG,JAX,MIA,Trevor Lawrence,LawrTr00,1,8,8,0,0,0,
2024_01_CAR_NO,202409080nor,2024,1,REG,NO,CAR,Alvin Kamara,KamaAl00,15,63,4.2,20,1.3,0,
2024_01_CAR_NO,202409080nor,2024,1,REG,NO,CAR,Jamaal Williams,WillJa06,11,22,2,16,1.5,0,
2024_01_CAR_NO,202409080nor,2024,1,REG,NO,CAR,Taysom Hill,HillTa00,5,7,1.4,28,5.6,1,
2024_01_CAR_NO,202409080nor,2024,1,REG,NO,CAR,Jordan Mims,MimsJo00,4,7,1.8,4,1,0,
2024_01_CAR_NO,202409080nor,2024,1,REG,NO,CAR,Derek Carr,CarrDe02,2,10,5,3,1.5,0,
2024_01_CAR_NO,202409080nor,2024,1,REG,CAR,NO,Chuba Hubbard,HubbCh01,6,8,1.3,6,1,0,
2024_01_CAR_NO,202409080nor,2024,1,REG,CAR,NO,Miles Sanders,SandMi01,5,13,2.6,9,1.8,1,
2024_01_CAR_NO,202409080nor,2024,1,REG,CAR,NO,Mike Boone,BoonMi00,4,2,0.5,5,1.3,1,
2024_01_CAR_NO,202409080nor,2024,1,REG,CAR,NO,Bryce Young,YounBr01,4,12,3,0,0,0,
2024_01_CAR_NO,202409080nor,2024,1,REG,CAR,NO,Jonathan Mingo,MingJo00,1,3,3,0,0,0,
2024_01_MIN_NYG,202409080nyg,2024,1,REG,NYG,MIN,Devin Singletary,SingDe00,10,17,1.7,20,2,0,
2024_01_MIN_NYG,202409080nyg,2024,1,REG,NYG,MIN,Daniel Jones,JoneDa05,6,12,2,3,0.5,0,
2024_01_MIN_NYG,202409080nyg,2024,1,REG,NYG,MIN,Eric Gray,GrayEr01,2,4,2,2,1,0,
2024_01_MIN_NYG,202409080nyg,2024,1,REG,NYG,MIN,Tyrone Tracy,TracTy00,2,2,1,0,0,0,
2024_01_MIN_NYG,202409080nyg,2024,1,REG,NYG,MIN,Wan'Dale Robinson,RobiWa01,1,3,3,11,11,0,
2024_01_MIN_NYG,202409080nyg,2024,1,REG,MIN,NYG,Aaron Jones,JoneAa00,14,53,3.8,41,2.9,1,
2024_01_MIN_NYG,202409080nyg,2024,1,REG,MIN,NYG,Ty Chandler,ChanTy01,8,11,1.4,6,0.8,0,
2024_01_MIN_NYG,202409080nyg,2024,1,REG,MIN,NYG,Sam Darnold,DarnSa00,3,2,0.7,1,0.3,0,
2024_01_MIN_NYG,202409080nyg,2024,1,REG,MIN,NYG,Myles Gaskin,GaskMy00,1,-3,-3,0,0,0,
2024_01_LV_LAC,202409080sdg,2024,1,REG,LAC,LV,Gus Edwards,EdwaGu00,11,11,1,15,1.4,1,
2024_01_LV_LAC,202409080sdg,2024,1,REG,LAC,LV,J.K. Dobbins,DobbJK00,10,64,6.4,71,7.1,4,
2024_01_LV_LAC,202409080sdg,2024,1,REG,LAC,LV,Justin Herbert,HerbJu00,4,6,1.5,0,0,0,
2024_01_LV_LAC,202409080sdg,2024,1,REG,LAC,LV,Derius Davis,DaviDe02,2,5,2.5,4,2,0,
2024_01_LV_LAC,202409080sdg,2024,1,REG,LV,LAC,Zamir White,WhitZa01,13,19,1.5,25,1.9,2,
2024_01_LV_LAC,202409080sdg,2024,1,REG,LV,LAC,Alexander Mattison,MattAl01,5,6,1.2,13,2.6,0,
2024_01_LV_LAC,202409080sdg,2024,1,REG,LV,LAC,Gardner Minshew II,MinsGa00,3,0,0,5,1.7,0,
2024_01_LV_LAC,202409080sdg,2024,1,REG,LV,LAC,Jakobi Meyers,MeyeJa01,1,1,1,2,2,0,
2024_01_DEN_SEA,202409080sea,2024,1,REG,SEA,DEN,Kenneth Walker III,WalkKe00,20,52,2.6,51,2.6,2,
2024_01_DEN_SEA,202409080sea,2024,1,REG,SEA,DEN,Zach Charbonnet,CharZa00,8,3,0.4,9,1.1,0,
2024_01_DEN_SEA,202409080sea,2024,1,REG,SEA,DEN,Geno Smith,SmitGe00,4,30,7.5,0,0,0,
2024_01_DEN_SEA,202409080sea,2024,1,REG,SEA,DEN,Laviska Shenault Jr.,ShenLa00,1,0,0,1,1,0,
2024_01_DEN_SEA,202409080sea,2024,1,REG,DEN,SEA,Jaleel McLaughlin,McLaJa00,10,15,1.5,12,1.2,1,
2024_01_DEN_SEA,202409080sea,2024,1,REG,DEN,SEA,Javonte Williams,WillJa10,8,9,1.1,14,1.8,1,
2024_01_DEN_SEA,202409080sea,2024,1,REG,DEN,SEA,Bo Nix,NixxBo00,5,34,6.8,1,0.2,0,
2024_01_DEN_SEA,202409080sea,2024,1,REG,DEN,SEA,Audric Estime,EstiAu00,2,13,6.5,1,0.5,0,
2024_01_DAL_CLE,202409080cle,2024,1,REG,CLE,DAL,Jerome Ford,FordJe00,12,20,1.7,24,2,1,
2024_01_DAL_CLE,202409080cle,2024,1,REG,CLE,DAL,Deshaun Watson,WatsDe00,5,25,5,14,2.8,1,
2024_01_DAL_CLE,202409080cle,2024,1,REG,CLE,DAL,Pierre Strong,StroPi00,2,6,3,4,2,0,
2024_01_DAL_CLE,202409080cle,2024,1,REG,DAL,CLE,Ezekiel Elliott,ElliEz00,10,25,2.5,15,1.5,0,
2024_01_DAL_CLE,202409080cle,2024,1,REG,DAL,CLE,Rico Dowdle,DowdRi01,8,13,1.6,13,1.6,0,
2024_01_DAL_CLE,202409080cle,2024,1,REG,DAL,CLE,CeeDee Lamb,LambCe00,3,20,6.7,5,1.7,0,
2024_01_DAL_CLE,202409080cle,2024,1,REG,DAL,CLE,Brandin Cooks,CookBr00,1,0,0,5,5,0,
2024_01_DAL_CLE,202409080cle,2024,1,REG,DAL,CLE,Dak Prescott,PresDa01,1,2,2,1,1,0,
2024_01_DAL_CLE,202409080cle,2024,1,REG,DAL,CLE,Cooper Rush,RushCo00,1,-1,-1,0,0,0,
2024_01_DAL_CLE,202409080cle,2024,1,REG,DAL,CLE,Deuce Vaughn,VaugDe00,1,2,2,2,2,0,
2024_01_WAS_TB,202409080tam,2024,1,REG,TB,WAS,Rachaad White,WhitRa01,15,-2,-0.1,33,2.2,0,
2024_01_WAS_TB,202409080tam,2024,1,REG,TB,WAS,Bucky Irving,IrviBu00,9,51,5.7,11,1.2,0,
2024_01_WAS_TB,202409080tam,2024,1,REG,TB,WAS,Baker Mayfield,MayfBa00,3,11,3.7,10,3.3,0,
2024_01_WAS_TB,202409080tam,2024,1,REG,TB,WAS,Kyle Trask,TrasKy00,2,-2,-1,0,0,0,
2024_01_WAS_TB,202409080tam,2024,1,REG,TB,WAS,Kameron Johnson,JohnKa01,1,0,0,0,0,0,
2024_01_WAS_TB,202409080tam,2024,1,REG,WAS,TB,Jayden Daniels,DaniJa02,16,73,4.6,15,0.9,0,
2024_01_WAS_TB,202409080tam,2024,1,REG,WAS,TB,Brian Robinson Jr.,RobiBr01,12,20,1.7,20,1.7,0,
2024_01_WAS_TB,202409080tam,2024,1,REG,WAS,TB,Austin Ekeler,EkelAu00,2,4,2,6,3,0,
2024_01_LA_DET,202409080det,2024,1,REG,DET,LA,David Montgomery,MontDa01,17,45,2.6,46,2.7,2,
2024_01_LA_DET,202409080det,2024,1,REG,DET,LA,Jahmyr Gibbs,GibbJa01,11,21,1.9,19,1.7,1,
2024_01_LA_DET,202409080det,2024,1,REG,DET,LA,Jared Goff,GoffJa00,1,6,6,1,1,0,
2024_01_LA_DET,202409080det,2024,1,REG,DET,LA,Kalif Raymond,RaymKa00,1,9,9,3,3,0,
2024_01_LA_DET,202409080det,2024,1,REG,DET,LA,Jameson Williams,WillJa11,1,10,10,3,3,0,
2024_01_LA_DET,202409080det,2024,1,REG,LA,DET,Kyren Williams,WillKy02,18,23,1.3,27,1.5,0,
2024_01_LA_DET,202409080det,2024,1,REG,LA,DET,Cooper Kupp,KuppCo00,2,9,4.5,1,0.5,0,
2024_01_LA_DET,202409080det,2024,1,REG,LA,DET,Ronnie Rivers,RiveRo01,2,12,6,4,2,0,
2024_01_LA_DET,202409080det,2024,1,REG,LA,DET,Puka Nacua,NacuPu00,1,3,3,4,4,0,
2024_01_NYJ_SF,202409090sfo,2024,1,REG,SF,NYJ,Jordan Mason,MasoJo00,28,80,2.9,67,2.4,1,
2024_01_NYJ_SF,202409090sfo,2024,1,REG,SF,NYJ,Deebo Samuel,SamuDe00,8,9,1.1,14,1.8,0,
2024_01_NYJ_SF,202409090sfo,2024,1,REG,SF,NYJ,Brandon Allen,AlleBr00,1,-1,-1,0,0,0,
2024_01_NYJ_SF,202409090sfo,2024,1,REG,SF,NYJ,Brock Purdy,PurdBr00,1,11,11,0,0,0,
2024_01_NYJ_SF,202409090sfo,2024,1,REG,NYJ,SF,Breece Hall,HallBr03,16,19,1.2,35,2.2,1,
2024_01_NYJ_SF,202409090sfo,2024,1,REG,NYJ,SF,Braelon Allen,AlleBr05,1,3,3,5,5,0,
2024_01_NYJ_SF,202409090sfo,2024,1,REG,NYJ,SF,Aaron Rodgers,RodgAa00,1,-1,-1,0,0,0,
2024_01_NYJ_SF,202409090sfo,2024,1,REG,NYJ,SF,Tyrod Taylor,TaylTy00,1,5,5,2,2,0,
2024_02_BUF_MIA,202409120mia,2024,2,REG,MIA,BUF,De'Von Achane,AchaDe00,22,50,2.3,46,2.1,1,
2024_02_BUF_MIA,202409120mia,2024,2,REG,MIA,BUF,Jaylen Wright,WrigJa04,5,-4,-0.8,8,1.6,0,
2024_02_BUF_MIA,202409120mia,2024,2,REG,MIA,BUF,Alec Ingold,IngoAl01,2,0,0,2,1,0,
2024_02_BUF_MIA,202409120mia,2024,2,REG,MIA,BUF,Tua Tagovailoa,TagoTu00,2,17,8.5,0,0,0,
2024_02_BUF_MIA,202409120mia,2024,2,REG,MIA,BUF,Tyreek Hill,HillTy00,1,10,10,2,2,0,
2024_02_BUF_MIA,202409120mia,2024,2,REG,MIA,BUF,Skylar Thompson,ThomSk00,1,4,4,0,0,0,
2024_02_BUF_MIA,202409120mia,2024,2,REG,MIA,BUF,Jaylen Waddle,WaddJa00,1,3,3,1,1,0,
2024_02_BUF_MIA,202409120mia,2024,2,REG,BUF,MIA,James Cook,CookJa01,11,23,2.1,55,5,1,
2024_02_BUF_MIA,202409120mia,2024,2,REG,BUF,MIA,Ray Davis,DaviRa04,9,10,1.1,19,2.1,0,
2024_02_BUF_MIA,202409120mia,2024,2,REG,BUF,MIA,Josh Allen,AlleJo02,2,2,1,0,0,0,
2024_02_BUF_MIA,202409120mia,2024,2,REG,BUF,MIA,Mitchell Trubisky,TrubMi00,2,-2,-1,0,0,0,
2024_02_BUF_MIA,202409120mia,2024,2,REG,BUF,MIA,Ty Johnson,JohnTy02,1,-1,-1,0,0,0,
2024_02_BUF_MIA,202409120mia,2024,2,REG,BUF,MIA,Khalil Shakir,ShakKh00,1,1,1,1,1,0,
2024_02_LV_BAL,202409150rav,2024,2,REG,BAL,LV,Derrick Henry,HenrDe00,18,27,1.5,57,3.2,1,
2024_02_LV_BAL,202409150rav,2024,2,REG,BAL,LV,Lamar Jackson,JackLa00,5,40,8,5,1,0,
2024_02_LV_BAL,202409150rav,2024,2,REG,BAL,LV,Justice Hill,HillJu00,4,10,2.5,12,3,1,
2024_02_LV_BAL,202409150rav,2024,2,REG,LV,BAL,Zamir White,WhitZa01,9,8,0.9,16,1.8,1,
2024_02_LV_BAL,202409150rav,2024,2,REG,LV,BAL,Alexander Mattison,MattAl01,4,-1,-0.3,2,0.5,0,
2024_02_LV_BAL,202409150rav,2024,2,REG,LV,BAL,Ameer Abdullah,AbduAm00,2,-1,-0.5,2,1,0,
2024_02_LV_BAL,202409150rav,2024,2,REG,LV,BAL,Gardner Minshew II,MinsGa00,1,-1,-1,0,0,0,
2024_02_LV_BAL,202409150rav,2024,2,REG,LV,BAL,DJ Turner,TurnDJ00,1,0,0,2,2,0,
2024_02_LAC_CAR,202409150car,2024,2,REG,CAR,LAC,Chuba Hubbard,HubbCh01,10,18,1.8,46,4.6,0,
2024_02_LAC_CAR,202409150car,2024,2,REG,CAR,LAC,Miles Sanders,SandMi01,7,6,0.9,14,2,0,
2024_02_LAC_CAR,202409150car,2024,2,REG,CAR,LAC,Bryce Young,YounBr01,1,6,6,0,0,0,
2024_02_LAC_CAR,202409150car,2024,2,REG,LAC,CAR,Gus Edwards,EdwaGu00,18,21,1.2,38,2.1,0,
2024_02_LAC_CAR,202409150car,2024,2,REG,LAC,CAR,J.K. Dobbins,DobbJK00,17,45,2.6,86,5.1,1,
2024_02_LAC_CAR,202409150car,2024,2,REG,LAC,CAR,Justin Herbert,HerbJu00,6,2,0.3,16,2.7,0,
2024_02_LAC_CAR,202409150car,2024,2,REG,LAC,CAR,Hassan Haskins,HaskHa00,3,4,1.3,7,2.3,0,
2024_02_NO_DAL,202409150dal,2024,2,REG,DAL,NO,Rico Dowdle,DowdRi01,7,20,2.9,10,1.4,0,
2024_02_NO_DAL,202409150dal,2024,2,REG,DAL,NO,Ezekiel Elliott,ElliEz00,6,9,1.5,7,1.2,0,
2024_02_NO_DAL,202409150dal,2024,2,REG,DAL,NO,Deuce Vaughn,VaugDe00,4,4,1,7,1.8,0,
2024_02_NO_DAL,202409150dal,2024,2,REG,DAL,NO,Dak Prescott,PresDa01,2,10,5,2,1,0,
2024_02_NO_DAL,202409150dal,2024,2,REG,DAL,NO,Brandin Cooks,CookBr00,1,-3,-3,0,0,0,
2024_02_NO_DAL,202409150dal,2024,2,REG,DAL,NO,KaVontae Turpin,TurpKa00,1,2,2,0,0,0,
2024_02_NO_DAL,202409150dal,2024,2,REG,NO,DAL,Alvin Kamara,KamaAl00,20,80,4,35,1.8,3,
2024_02_NO_DAL,202409150dal,2024,2,REG,NO,DAL,Jamaal Williams,WillJa06,8,22,2.8,17,2.1,0,
2024_02_NO_DAL,202409150dal,2024,2,REG,NO,DAL,Jake Haener,HaenJa00,3,-3,-1,0,0,0,
2024_02_NO_DAL,202409150dal,2024,2,REG,NO,DAL,Taysom Hill,HillTa00,3,11,3.7,7,2.3,0,
2024_02_NO_DAL,202409150dal,2024,2,REG,NO,DAL,Rashid Shaheed,ShahRa00,3,8,2.7,5,1.7,0,
2024_02_NO_DAL,202409150dal,2024,2,REG,NO,DAL,Derek Carr,CarrDe02,1,1,1,0,0,0,
2024_02_NO_DAL,202409150dal,2024,2,REG,NO,DAL,Chris Olave,OlavCh00,1,7,7,0,0,0,
2024_02_TB_DET,202409150det,2024,2,REG,DET,TB,Jahmyr Gibbs,GibbJa01,13,28,2.2,56,4.3,4,
2024_02_TB_DET,202409150det,2024,2,REG,DET,TB,David Montgomery,MontDa01,11,11,1,24,2.2,1,
2024_02_TB_DET,202409150det,2024,2,REG,DET,TB,Jared Goff,GoffJa00,2,5,2.5,0,0,0,
2024_02_TB_DET,202409150det,2024,2,REG,DET,TB,Jameson Williams,WillJa11,1,8,8,7,7,0,
2024_02_TB_DET,202409150det,2024,2,REG,TB,DET,Rachaad White,WhitRa01,10,2,0.2,16,1.6,1,
2024_02_TB_DET,202409150det,2024,2,REG,TB,DET,Bucky Irving,IrviBu00,7,9,1.3,13,1.9,1,
2024_02_TB_DET,202409150det,2024,2,REG,TB,DET,Baker Mayfield,MayfBa00,5,30,6,4,0.8,0,
2024_02_TB_DET,202409150det,2024,2,REG,TB,DET,Cade Otton,OttoCa00,1,-4,-4,0,0,1,
2024_02_IND_GB,202409150gnb,2024,2,REG,GB,IND,Josh Jacobs,JacoJo01,32,95,3,56,1.8,1,
2024_02_IND_GB,202409150gnb,2024,2,REG,GB,IND,MarShawn Lloyd,LloyMa00,6,12,2,3,0.5,0,
2024_02_IND_GB,202409150gnb,2024,2,REG,GB,IND,Malik Willis,WillMa12,6,40,6.7,1,0.2,1,
2024_02_IND_GB,202409150gnb,2024,2,REG,GB,IND,Emanuel Wilson,WilsEm00,5,6,1.2,3,0.6,0,
2024_02_IND_GB,202409150gnb,2024,2,REG,GB,IND,Bo Melton,MeltBo00,2,3,1.5,5,2.5,1,
2024_02_IND_GB,202409150gnb,2024,2,REG,GB,IND,Jayden Reed,ReedJa03,2,37,18.5,0,0,0,
2024_02_IND_GB,202409150gnb,2024,2,REG,IND,GB,Jonathan Taylor,TaylJo02,12,78,6.5,25,2.1,0,
2024_02_IND_GB,202409150gnb,2024,2,REG,IND,GB,Anthony Richardson,RichAn03,4,37,9.3,0,0,0,
2024_02_IND_GB,202409150gnb,2024,2,REG,IND,GB,Trey Sermon,SermTr00,2,-3,-1.5,3,1.5,0,
2024_02_CLE_JAX,202409150jax,2024,2,REG,JAX,CLE,Travis Etienne,EtieTr00,13,22,1.7,30,2.3,0,
2024_02_CLE_JAX,202409150jax,2024,2,REG,JAX,CLE,D'Ernest Johnson,JohnDE04,5,10,2,16,3.2,0,
2024_02_CLE_JAX,202409150jax,2024,2,REG,JAX,CLE,Trevor Lawrence,LawrTr00,2,43,21.5,2,1,0,
2024_02_CLE_JAX,202409150jax,2024,2,REG,JAX,CLE,Devin Duvernay,DuveDe00,1,2,2,2,2,0,
2024_02_CLE_JAX,202409150jax,2024,2,REG,CLE,JAX,D'Onta Foreman,ForeDO00,14,23,1.6,19,1.4,0,
2024_02_CLE_JAX,202409150jax,2024,2,REG,CLE,JAX,Jerome Ford,FordJe00,7,49,7,15,2.1,0,
2024_02_CLE_JAX,202409150jax,2024,2,REG,CLE,JAX,Deshaun Watson,WatsDe00,5,13,2.6,7,1.4,0,
2024_02_CLE_JAX,202409150jax,2024,2,REG,CLE,JAX,Jameis Winston,WinsJa00,2,3,1.5,1,0.5,0,
2024_02_CLE_JAX,202409150jax,2024,2,REG,CLE,JAX,Pierre Strong,StroPi00,1,-5,-5,0,0,0,
2024_02_SF_MIN,202409150min,2024,2,REG,MIN,SF,Ty Chandler,ChanTy01,10,70,7,12,1.2,0,
2024_02_SF_MIN,202409150min,2024,2,REG,MIN,SF,Aaron Jones,JoneAa00,9,17,1.9,15,1.7,0,
2024_02_SF_MIN,202409150min,2024,2,REG,MIN,SF,Sam Darnold,DarnSa00,5,32,6.4,0,0,0,
2024_02_SF_MIN,202409150min,2024,2,REG,SF,MIN,Jordan Mason,MasoJo00,20,61,3.1,39,2,0,
2024_02_SF_MIN,202409150min,2024,2,REG,SF,MIN,Brock Purdy,PurdBr00,2,7,3.5,5,2.5,0,
2024_02_SF_MIN,202409150min,2024,2,REG,SF,MIN,Deebo Samuel,SamuDe00,2,-10,-5,0,0,0,
2024_02_SF_MIN,202409150min,2024,2,REG,SF,MIN,Isaac Guerendo,GuerIs00,1,0,0,0,0,0,
2024_02_SEA_NE,202409150nwe,2024,2,REG,NE,SEA,Rhamondre Stevenson,StevRh00,21,39,1.9,42,2,1,
2024_02_SEA_NE,202409150nwe,2024,2,REG,NE,SEA,Antonio Gibson,GibsAn00,11,34,3.1,62,5.6,1,
2024_02_SEA_NE,202409150nwe,2024,2,REG,NE,SEA,Jacoby Brissett,BrisJa00,2,4,2,2,1,0,
2024_02_SEA_NE,202409150nwe,2024,2,REG,NE,SEA,Jamycal Hasty,HastJa02,1,0,0,2,2,0,
2024_02_SEA_NE,202409150nwe,2024,2,REG,NE,SEA,Ja'Lynn Polk,PolkJa00,1,0,0,0,0,0,
2024_02_SEA_NE,202409150nwe,2024,2,REG,SEA,NE,Zach Charbonnet,CharZa00,14,14,1,24,1.7,1,
2024_02_SEA_NE,202409150nwe,2024,2,REG,SEA,NE,Geno Smith,SmitGe00,5,6,1.2,2,0.4,0,
2024_02_NYJ_TEN,202409150oti,2024,2,REG,TEN,NYJ,Tony Pollard,PollTo00,17,15,0.9,47,2.8,3,
2024_02_NYJ_TEN,202409150oti,2024,2,REG,TEN,NYJ,Tyjae Spears,SpeaTy00,6,8,1.3,12,2,0,
2024_02_NYJ_TEN,202409150oti,2024,2,REG,TEN,NYJ,Will Levis,LeviWi00,4,24,6,14,3.5,1,
2024_02_NYJ_TEN,202409150oti,2024,2,REG,TEN,NYJ,Calvin Ridley,RidlCa00,1,8,8,2,2,1,
2024_02_NYJ_TEN,202409150oti,2024,2,REG,NYJ,TEN,Breece Hall,HallBr03,14,14,1,48,3.4,1,
2024_02_NYJ_TEN,202409150oti,2024,2,REG,NYJ,TEN,Braelon Allen,AlleBr05,7,3,0.4,30,4.3,0,
2024_02_NYJ_TEN,202409150oti,2024,2,REG,NYJ,TEN,Aaron Rodgers,RodgAa00,2,1,0.5,0,0,0,
2024_02_NYJ_TEN,202409150oti,2024,2,REG,NYJ,TEN,Garrett Wilson,WilsGa00,1,0,0,5,5,1,
2024_02_NYG_WAS,202409150was,2024,2,REG,WAS,NYG,Brian Robinson Jr.,RobiBr01,17,58,3.4,75,4.4,3,
2024_02_NYG_WAS,202409150was,2024,2,REG,WAS,NYG,Jayden Daniels,DaniJa02,10,34,3.4,10,1,1,
2024_02_NYG_WAS,202409150was,2024,2,REG,WAS,NYG,Austin Ekeler,EkelAu00,8,22,2.8,16,2,1,
2024_02_NYG_WAS,202409150was,2024,2,REG,NYG,WAS,Devin Singletary,SingDe00,16,48,3,47,2.9,3,
2024_02_NYG_WAS,202409150was,2024,2,REG,NYG,WAS,Daniel Jones,JoneDa05,5,20,4,12,2.4,1,
2024_02_NYG_WAS,202409150was,2024,2,REG,NYG,WAS,Tyrone Tracy,TracTy00,1,2,2,0,0,0,
2024_02_LA_ARI,202409150crd,2024,2,REG,ARI,LA,James Conner,ConnJa00,21,53,2.5,69,3.3,3,
2024_02_LA_ARI,202409150crd,2024,2,REG,ARI,LA,Trey Benson,BensTr01,11,2,0.2,8,0.7,0,
2024_02_LA_ARI,202409150crd,2024,2,REG,ARI,LA,Kyler Murray,MurrKy00,5,24,4.8,35,7,0,
2024_02_LA_ARI,202409150crd,2024,2,REG,ARI,LA,Emari Demercado,DemeEm00,2,7,3.5,39,19.5,2,
2024_02_LA_ARI,202409150crd,2024,2,REG,ARI,LA,Clayton Tune,TuneCl00,1,-6,-6,0,0,0,
2024_02_LA_ARI,202409150crd,2024,2,REG,LA,ARI,Kyren Williams,WillKy02,12,10,0.8,15,1.3,0,
2024_02_LA_ARI,202409150crd,2024,2,REG,LA,ARI,Blake Corum,CoruBl00,8,16,2,12,1.5,0,
2024_02_PIT_DEN,202409150den,2024,2,REG,DEN,PIT,Javonte Williams,WillJa10,11,4,0.4,13,1.2,0,
2024_02_PIT_DEN,202409150den,2024,2,REG,DEN,PIT,Bo Nix,NixxBo00,4,24,6,1,0.3,0,
2024_02_PIT_DEN,202409150den,2024,2,REG,DEN,PIT,Jaleel McLaughlin,McLaJa00,3,1,0.3,5,1.7,0,
2024_02_PIT_DEN,202409150den,2024,2,REG,DEN,PIT,Tyler Badie,BadiTy00,1,8,8,8,8,0,
2024_02_PIT_DEN,202409150den,2024,2,REG,PIT,DEN,Najee Harris,HarrNa00,17,40,2.4,29,1.7,0,
2024_02_PIT_DEN,202409150den,2024,2,REG,PIT,DEN,Jaylen Warren,WarrJa01,9,23,2.6,19,2.1,1,
2024_02_PIT_DEN,202409150den,2024,2,REG,PIT,DEN,Justin Fields,FielJu00,8,25,3.1,2,0.3,0,
2024_02_PIT_DEN,202409150den,2024,2,REG,PIT,DEN,Cordarrelle Patterson,PattCo00,2,2,1,1,0.5,0,
2024_02_CIN_KC,202409150kan,2024,2,REG,KC,CIN,Isiah Pacheco,PachIs00,19,64,3.4,26,1.4,0,
2024_02_CIN_KC,202409150kan,2024,2,REG,KC,CIN,Carson Steele,SteeCa00,7,14,2,10,1.4,1,
2024_02_CIN_KC,202409150kan,2024,2,REG,KC,CIN,Patrick Mahomes,MahoPa00,4,28,7,1,0.3,0,
2024_02_CIN_KC,202409150kan,2024,2,REG,KC,CIN,Travis Kelce,KelcTr00,1,0,0,1,1,0,
2024_02_CIN_KC,202409150kan,2024,2,REG,KC,CIN,Xavier Worthy,WortXa00,1,5,5,0,0,0,
2024_02_CIN_KC,202409150kan,2024,2,REG,CIN,KC,Zack Moss,MossZa00,12,23,1.9,11,0.9,0,
2024_02_CIN_KC,202409150kan,2024,2,REG,CIN,KC,Joe Burrow,BurrJo01,6,3,0.5,6,1,0,
2024_02_CIN_KC,202409150kan,2024,2,REG,CIN,KC,Chase Brown,BrowCh10,4,21,5.3,10,2.5,0,
2024_02_CHI_HOU,202409150htx,2024,2,REG,HOU,CHI,Joe Mixon,MixoJo00,9,17,1.9,8,0.9,0,
2024_02_CHI_HOU,202409150htx,2024,2,REG,HOU,CHI,Cam Akers,AkerCa00,7,21,3,11,1.6,1,
2024_02_CHI_HOU,202409150htx,2024,2,REG,HOU,CHI,Tank Dell,DellNa00,3,12,4,4,1.3,0,
2024_02_CHI_HOU,202409150htx,2024,2,REG,HOU,CHI,Dare Ogunbowale,OgunDa00,2,2,1,1,0.5,0,
2024_02_CHI_HOU,202409150htx,2024,2,REG,HOU,CHI,C.J. Stroud,StroCJ00,1,-1,-1,0,0,0,
2024_02_CHI_HOU,202409150htx,2024,2,REG,CHI,HOU,D'Andre Swift,SwifDA00,14,10,0.7,8,0.6,0,
2024_02_CHI_HOU,202409150htx,2024,2,REG,CHI,HOU,Caleb Williams,WillCa03,5,31,6.2,13,2.6,0,
2024_02_CHI_HOU,202409150htx,2024,2,REG,CHI,HOU,Khalil Herbert,HerbKh00,2,1,0.5,2,1,0,
2024_02_CHI_HOU,202409150htx,2024,2,REG,CHI,HOU,Travis Homer,HomeTr00,1,4,4,2,2,0,
2024_02_ATL_PHI,202409160phi,2024,2,REG,PHI,ATL,Saquon Barkley,BarkSa00,22,44,2,51,2.3,1,
2024_02_ATL_PHI,202409160phi,2024,2,REG,PHI,ATL,Jalen Hurts,HurtJa00,13,63,4.8,22,1.7,2,
2024_02_ATL_PHI,202409160phi,2024,2,REG,PHI,ATL,Kenneth Gainwell,GainKe00,2,4,2,2,1,0,
2024_02_ATL_PHI,202409160phi,2024,2,REG,ATL,PHI,Bijan Robinson,RobiBi01,14,62,4.4,35,2.5,1,
2024_02_ATL_PHI,202409160phi,2024,2,REG,ATL,PHI,Tyler Allgeier,AllgTy00,9,36,4,17,1.9,0,
2024_02_ATL_PHI,202409160phi,2024,2,REG,ATL,PHI,Kirk Cousins,CousKi00,4,-2,-0.5,1,0.3,0,
2024_02_ATL_PHI,202409160phi,2024,2,REG,ATL,PHI,Ray-Ray McCloud,McClRa00,1,1,1,2,2,0,
2024_03_NE_NYJ,202409190nyj,2024,3,REG,NYJ,NE,Breece Hall,HallBr03,16,24,1.5,30,1.9,0,
2024_03_NE_NYJ,202409190nyj,2024,3,REG,NYJ,NE,Braelon Allen,AlleBr05,11,22,2,33,3,1,
2024_03_NE_NYJ,202409190nyj,2024,3,REG,NYJ,NE,Isaiah Davis,DaviIs00,3,-3,-1,9,3,0,
2024_03_NE_NYJ,202409190nyj,2024,3,REG,NYJ,NE,Aaron Rodgers,RodgAa00,3,18,6,0,0,0,
2024_03_NE_NYJ,202409190nyj,2024,3,REG,NE,NYJ,Rhamondre Stevenson,StevRh00,6,6,1,17,2.8,1,
2024_03_NE_NYJ,202409190nyj,2024,3,REG,NE,NYJ,Antonio Gibson,GibsAn00,5,17,3.4,12,2.4,0,
2024_03_NE_NYJ,202409190nyj,2024,3,REG,NE,NYJ,Drake Maye,MayeDr00,2,12,6,0,0,0,
2024_03_NE_NYJ,202409190nyj,2024,3,REG,NE,NYJ,Demario Douglas,DougDe00,1,5,5,4,4,0,
2024_03_NE_NYJ,202409190nyj,2024,3,REG,NE,NYJ,Jamycal Hasty,HastJa02,1,1,1,4,4,0,
2024_03_NYG_CLE,202409220cle,2024,3,REG,CLE,NYG,Jerome Ford,FordJe00,10,16,1.6,21,2.1,1,
2024_03_NYG_CLE,202409220cle,2024,3,REG,CLE,NYG,Deshaun Watson,WatsDe00,4,15,3.8,11,2.8,0,
2024_03_NYG_CLE,202409220cle,2024,3,REG,CLE,NYG,D'Onta Foreman,ForeDO00,2,3,1.5,2,1,0,
2024_03_NYG_CLE,202409220cle,2024,3,REG,CLE,NYG,Jameis Winston,WinsJa00,2,1,0.5,0,0,0,
2024_03_NYG_CLE,202409220cle,2024,3,REG,NYG,CLE,Devin Singletary,SingDe00,16,6,0.4,59,3.7,1,
2024_03_NYG_CLE,202409220cle,2024,3,REG,NYG,CLE,Daniel Jones,JoneDa05,8,12,1.5,8,1,1,
2024_03_NYG_CLE,202409220cle,2024,3,REG,NYG,CLE,Tyrone Tracy,TracTy00,5,10,2,13,2.6,0,
2024_03_NYG_CLE,202409220cle,2024,3,REG,NYG,CLE,Malik Nabers,NabeMa00,2,2,1,2,1,0,
2024_03_NYG_CLE,202409220cle,2024,3,REG,NYG,CLE,Eric Gray,GrayEr01,1,0,0,0,0,0,
2024_03_CHI_IND,202409220clt,2024,3,REG,IND,CHI,Jonathan Taylor,TaylJo02,23,95,4.1,15,0.7,0,
2024_03_CHI_IND,202409220clt,2024,3,REG,IND,CHI,Anthony Richardson,RichAn03,8,18,2.3,6,0.8,0,
2024_03_CHI_IND,202409220clt,2024,3,REG,IND,CHI,Trey Sermon,SermTr00,2,12,6,4,2,0,
2024_03_CHI_IND,202409220clt,2024,3,REG,CHI,IND,D'Andre Swift,SwifDA00,13,7,0.5,13,1,0,
2024_03_CHI_IND,202409220clt,2024,3,REG,CHI,IND,Roschon Johnson,JohnRo07,8,18,2.3,12,1.5,0,
2024_03_CHI_IND,202409220clt,2024,3,REG,CHI,IND,Khalil Herbert,HerbKh00,4,4,1,5,1.3,0,
2024_03_CHI_IND,202409220clt,2024,3,REG,CHI,IND,D.J. Moore,MoorD.00,1,-6,-6,0,0,0,
2024_03_CHI_IND,202409220clt,2024,3,REG,CHI,IND,Rome Odunze,OdunRo00,1,1,1,1,1,0,
2024_03_CHI_IND,202409220clt,2024,3,REG,CHI,IND,Caleb Williams,WillCa03,1,8,8,0,0,0,
2024_03_HOU_MIN,202409220min,2024,3,REG,MIN,HOU,Aaron Jones,JoneAa00,19,37,1.9,65,3.4,0,
2024_03_HOU_MIN,202409220min,2024,3,REG,MIN,HOU,Ty Chandler,ChanTy01,7,7,1,6,0.9,0,
2024_03_HOU_MIN,202409220min,2024,3,REG,MIN,HOU,Nick Mullens,MullNi00,1,0,0,0,0,0,
2024_03_HOU_MIN,202409220min,2024,3,REG,MIN,HOU,Jalen Nailor,NailJa00,1,2,2,1,1,0,
2024_03_HOU_MIN,202409220min,2024,3,REG,HOU,MIN,Cam Akers,AkerCa00,9,3,0.3,18,2,1,
2024_03_HOU_MIN,202409220min,2024,3,REG,HOU,MIN,C.J. Stroud,StroCJ00,3,9,3,3,1,0,
2024_03_HOU_MIN,202409220min,2024,3,REG,HOU,MIN,British Brooks,BrooBr01,1,1,1,1,1,0,
2024_03_HOU_MIN,202409220min,2024,3,REG,HOU,MIN,J.J. Taylor,TaylJJ01,1,2,2,1,1,0,
2024_03_PHI_NO,202409220nor,2024,3,REG,NO,PHI,Alvin Kamara,KamaAl00,26,54,2.1,33,1.3,1,
2024_03_PHI_NO,202409220nor,2024,3,REG,NO,PHI,Derek Carr,CarrDe02,2,3,1.5,0,0,0,
2024_03_PHI_NO,202409220nor,2024,3,REG,NO,PHI,Jamaal Williams,WillJa06,1,-1,-1,0,0,0,
2024_03_PHI_NO,202409220nor,2024,3,REG,PHI,NO,Saquon Barkley,BarkSa00,17,113,6.6,34,2,0,
2024_03_PHI_NO,202409220nor,2024,3,REG,PHI,NO,Jalen Hurts,HurtJa00,8,10,1.3,15,1.9,1,
2024_03_LAC_PIT,202409220pit,2024,3,REG,PIT,LAC,Najee Harris,HarrNa00,18,27,1.5,43,2.4,0,
2024_03_LAC_PIT,202409220pit,2024,3,REG,PIT,LAC,Justin Fields,FielJu00,6,6,1,0,0,0,
2024_03_LAC_PIT,202409220pit,2024,3,REG,PIT,LAC,Cordarrelle Patterson,PattCo00,4,9,2.3,24,6,1,
2024_03_LAC_PIT,202409220pit,2024,3,REG,PIT,LAC,Jaylen Warren,WarrJa01,3,3,1,2,0.7,0,
2024_03_LAC_PIT,202409220pit,2024,3,REG,LAC,PIT,J.K. Dobbins,DobbJK00,15,14,0.9,30,2,1,
2024_03_LAC_PIT,202409220pit,2024,3,REG,LAC,PIT,Gus Edwards,EdwaGu00,3,0,0,9,3,0,
2024_03_LAC_PIT,202409220pit,2024,3,REG,LAC,PIT,Derius Davis,DaviDe02,1,4,4,4,4,0,
2024_03_LAC_PIT,202409220pit,2024,3,REG,LAC,PIT,Justin Herbert,HerbJu00,1,0,0,0,0,0,
2024_03_DEN_TB,202409220tam,2024,3,REG,TB,DEN,Bucky Irving,IrviBu00,9,27,3,43,4.8,2,
2024_03_DEN_TB,202409220tam,2024,3,REG,TB,DEN,Rachaad White,WhitRa01,6,11,1.8,6,1,0,
2024_03_DEN_TB,202409220tam,2024,3,REG,TB,DEN,Sean Tucker,TuckSe00,1,2,2,2,2,0,
2024_03_DEN_TB,202409220tam,2024,3,REG,DEN,TB,Tyler Badie,BadiTy00,9,14,1.6,56,6.2,1,
2024_03_DEN_TB,202409220tam,2024,3,REG,DEN,TB,Bo Nix,NixxBo00,9,41,4.6,6,0.7,0,
2024_03_DEN_TB,202409220tam,2024,3,REG,DEN,TB,Jaleel McLaughlin,McLaJa00,5,-2,-0.4,9,1.8,2,
2024_03_DEN_TB,202409220tam,2024,3,REG,DEN,TB,Javonte Williams,WillJa10,5,2,0.4,10,2,1,
2024_03_GB_TEN,202409220oti,2024,3,REG,TEN,GB,Tony Pollard,PollTo00,6,5,0.8,9,1.5,1,
2024_03_GB_TEN,202409220oti,2024,3,REG,TEN,GB,Will Levis,LeviWi00,3,10,3.3,2,0.7,0,
2024_03_GB_TEN,202409220oti,2024,3,REG,TEN,GB,Tyjae Spears,SpeaTy00,2,2,1,5,2.5,0,
2024_03_GB_TEN,202409220oti,2024,3,REG,GB,TEN,Josh Jacobs,JacoJo01,14,18,1.3,25,1.8,0,
2024_03_GB_TEN,202409220oti,2024,3,REG,GB,TEN,Emanuel Wilson,WilsEm00,12,18,1.5,32,2.7,3,
2024_03_GB_TEN,202409220oti,2024,3,REG,GB,TEN,Malik Willis,WillMa12,6,52,8.7,21,3.5,2,
2024_03_GB_TEN,202409220oti,2024,3,REG,GB,TEN,Chris Brooks,BrooCh00,3,0,0,3,1,0,
2024_03_GB_TEN,202409220oti,2024,3,REG,GB,TEN,Jayden Reed,ReedJa03,2,12,6,7,3.5,0,
2024_03_CAR_LV,202409220rai,2024,3,REG,LV,CAR,Zamir White,WhitZa01,10,30,3,4,0.4,0,
2024_03_CAR_LV,202409220rai,2024,3,REG,LV,CAR,Alexander Mattison,MattAl01,3,5,1.7,2,0.7,1,
2024_03_CAR_LV,202409220rai,2024,3,REG,LV,CAR,Gardner Minshew II,MinsGa00,3,14,4.7,0,0,0,
2024_03_CAR_LV,202409220rai,2024,3,REG,CAR,LV,Chuba Hubbard,HubbCh01,21,60,2.9,54,2.6,1,
2024_03_CAR_LV,202409220rai,2024,3,REG,CAR,LV,Miles Sanders,SandMi01,7,13,1.9,4,0.6,0,
2024_03_CAR_LV,202409220rai,2024,3,REG,CAR,LV,Andy Dalton,DaltAn00,2,-2,-1,0,0,0,
2024_03_CAR_LV,202409220rai,2024,3,REG,CAR,LV,Jonathan Mingo,MingJo00,1,1,1,1,1,0,
2024_03_MIA_SEA,202409220sea,2024,3,REG,SEA,MIA,Zach Charbonnet,CharZa00,18,36,2,55,3.1,2,
2024_03_MIA_SEA,202409220sea,2024,3,REG,SEA,MIA,Kenny McIntosh,McInKe00,3,5,1.7,6,2,0,
2024_03_MIA_SEA,202409220sea,2024,3,REG,SEA,MIA,Geno Smith,SmitGe00,2,-2,-1,0,0,0,
2024_03_MIA_SEA,202409220sea,2024,3,REG,MIA,SEA,De'Von Achane,AchaDe00,11,23,2.1,7,0.6,1,
2024_03_MIA_SEA,202409220sea,2024,3,REG,MIA,SEA,Jeff Wilson,WilsJe01,3,7,2.3,7,2.3,0,
2024_03_MIA_SEA,202409220sea,2024,3,REG,MIA,SEA,Jaylen Wright,WrigJa04,2,14,7,3,1.5,0,
2024_03_MIA_SEA,202409220sea,2024,3,REG,MIA,SEA,Tim Boyle,BoylTi00,1,6,6,0,0,0,
2024_03_MIA_SEA,202409220sea,2024,3,REG,MIA,SEA,Alec Ingold,IngoAl01,1,-2,-2,0,0,0,
2024_03_DET_ARI,202409220crd,2024,3,REG,ARI,DET,James Conner,ConnJa00,9,6,0.7,11,1.2,0,
2024_03_DET_ARI,202409220crd,2024,3,REG,ARI,DET,Kyler Murray,MurrKy00,5,43,8.6,2,0.4,0,
2024_03_DET_ARI,202409220crd,2024,3,REG,ARI,DET,Trey Benson,BensTr01,2,7,3.5,1,0.5,1,
2024_03_DET_ARI,202409220crd,2024,3,REG,ARI,DET,Emari Demercado,DemeEm00,2,4,2,3,1.5,0,
2024_03_DET_ARI,202409220crd,2024,3,REG,DET,ARI,David Montgomery,MontDa01,23,44,1.9,61,2.7,2,
2024_03_DET_ARI,202409220crd,2024,3,REG,DET,ARI,Jahmyr Gibbs,GibbJa01,16,51,3.2,32,2,1,
2024_03_DET_ARI,202409220crd,2024,3,REG,DET,ARI,Jared Goff,GoffJa00,3,6,2,0,0,0,
2024_03_DET_ARI,202409220crd,2024,3,REG,DET,ARI,Jameson Williams,WillJa11,1,-7,-7,0,0,0,
2024_03_BAL_DAL,202409220dal,2024,3,REG,DAL,BAL,Rico Dowdle,DowdRi01,8,15,1.9,17,2.1,1,
2024_03_BAL_DAL,202409220dal,2024,3,REG,DAL,BAL,Ezekiel Elliott,ElliEz00,3,2,0.7,4,1.3,0,
2024_03_BAL_DAL,202409220dal,2024,3,REG,DAL,BAL,Dak Prescott,PresDa01,2,7,3.5,0,0,0,
2024_03_BAL_DAL,202409220dal,2024,3,REG,DAL,BAL,Deuce Vaughn,VaugDe00,2,3,1.5,2,1,0,
2024_03_BAL_DAL,202409220dal,2024,3,REG,DAL,BAL,KaVontae Turpin,TurpKa00,1,1,1,0,0,0,
2024_03_BAL_DAL,202409220dal,2024,3,REG,BAL,DAL,Derrick Henry,HenrDe00,25,71,2.8,80,3.2,5,
2024_03_BAL_DAL,202409220dal,2024,3,REG,BAL,DAL,Lamar Jackson,JackLa00,14,58,4.1,29,2.1,2,
2024_03_BAL_DAL,202409220dal,2024,3,REG,BAL,DAL,Justice Hill,HillJu00,5,16,3.2,17,3.4,1,
2024_03_BAL_DAL,202409220dal,2024,3,REG,BAL,DAL,Zay Flowers,FlowZa00,1,1,1,2,2,0,
2024_03_SF_LA,202409220ram,2024,3,REG,LA,SF,Kyren Williams,WillKy02,24,60,2.5,29,1.2,1,
2024_03_SF_LA,202409220ram,2024,3,REG,LA,SF,Ronnie Rivers,RiveRo01,2,7,3.5,2,1,0,
2024_03_SF_LA,202409220ram,2024,3,REG,SF,LA,Jordan Mason,MasoJo00,19,47,2.5,30,1.6,0,
2024_03_SF_LA,202409220ram,2024,3,REG,SF,LA,Brock Purdy,PurdBr00,10,30,3,11,1.1,0,
2024_03_SF_LA,202409220ram,2024,3,REG,SF,LA,Isaac Guerendo,GuerIs00,5,8,1.6,11,2.2,0,
2024_03_KC_ATL,202409220atl,2024,3,REG,ATL,KC,Bijan Robinson,RobiBi01,16,14,0.9,17,1.1,0,
2024_03_KC_ATL,202409220atl,2024,3,REG,ATL,KC,Tyler Allgeier,AllgTy00,7,16,2.3,16,2.3,0,
2024_03_KC_ATL,202409220atl,2024,3,REG,ATL,KC,Kirk Cousins,CousKi00,1,-1,-1,0,0,0,
2024_03_KC_ATL,202409220atl,2024,3,REG,ATL,KC,Ray-Ray McCloud,McClRa00,1,9,9,11,11,0,
2024_03_KC_ATL,202409220atl,2024,3,REG,KC,ATL,Carson Steele,SteeCa00,17,32,1.9,40,2.4,0,
2024_03_KC_ATL,202409220atl,2024,3,REG,KC,ATL,Patrick Mahomes,MahoPa00,6,13,2.2,4,0.7,0,
2024_03_KC_ATL,202409220atl,2024,3,REG,KC,ATL,Samaje Perine,PeriSa00,6,13,2.2,12,2,0,
2024_03_KC_ATL,202409220atl,2024,3,REG,KC,ATL,Xavier Worthy,WortXa00,3,8,2.7,5,1.7,0,
2024_03_KC_ATL,202409220atl,2024,3,REG,KC,ATL,Rashee Rice,RiceRa01,1,0,0,1,1,0,
2024_03_JAX_BUF,202409230buf,2024,3,REG,BUF,JAX,James Cook,CookJa01,11,16,1.5,23,2.1,0,
2024_03_JAX_BUF,202409230buf,2024,3,REG,BUF,JAX,Ray Davis,DaviRa04,7,15,2.1,7,1,0,
2024_03_JAX_BUF,202409230buf,2024,3,REG,BUF,JAX,Josh Allen,AlleJo02,6,34,5.7,10,1.7,0,
2024_03_JAX_BUF,202409230buf,2024,3,REG,BUF,JAX,Ty Johnson,JohnTy02,3,1,0.3,17,5.7,0,
2024_03_JAX_BUF,202409230buf,2024,3,REG,BUF,JAX,Curtis Samuel,SamuCu00,1,0,0,0,0,0,
2024_03_JAX_BUF,202409230buf,2024,3,REG,BUF,JAX,Mitchell Trubisky,TrubMi00,1,-1,-1,0,0,0,
2024_03_JAX_BUF,202409230buf,2024,3,REG,JAX,BUF,Travis Etienne,EtieTr00,11,40,3.6,28,2.5,0,
2024_03_JAX_BUF,202409230buf,2024,3,REG,JAX,BUF,Tank Bigsby,BigsTa00,2,4,2,5,2.5,1,
2024_03_JAX_BUF,202409230buf,2024,3,REG,JAX,BUF,D'Ernest Johnson,JohnDE04,2,2,1,10,5,0,
2024_03_JAX_BUF,202409230buf,2024,3,REG,JAX,BUF,Trevor Lawrence,LawrTr00,2,1,0.5,2,1,0,
2024_03_WAS_CIN,202409230cin,2024,3,REG,CIN,WAS,Zack Moss,MossZa00,12,30,2.5,28,2.3,2,
2024_03_WAS_CIN,202409230cin,2024,3,REG,CIN,WAS,Chase Brown,BrowCh10,7,32,4.6,30,4.3,2,
2024_03_WAS_CIN,202409230cin,2024,3,REG,CIN,WAS,Joe Burrow,BurrJo01,1,4,4,0,0,0,
2024_03_WAS_CIN,202409230cin,2024,3,REG,WAS,CIN,Brian Robinson Jr.,RobiBr01,16,10,0.6,23,1.4,1,
2024_03_WAS_CIN,202409230cin,2024,3,REG,WAS,CIN,Jayden Daniels,DaniJa02,12,21,1.8,18,1.5,3,
2024_03_WAS_CIN,202409230cin,2024,3,REG,WAS,CIN,Austin Ekeler,EkelAu00,3,30,10,5,1.7,0,
2024_03_WAS_CIN,202409230cin,2024,3,REG,WAS,CIN,Jeremy McNichols,McNiJe00,1,0,0,1,1,0,
2024_04_DAL_NYG,202409260nyg,2024,4,REG,NYG,DAL,Devin Singletary,SingDe00,14,8,0.6,16,1.1,1,
2024_04_DAL_NYG,202409260nyg,2024,4,REG,NYG,DAL,Daniel Jones,JoneDa05,4,1,0.3,2,0.5,0,
2024_04_DAL_NYG,202409260nyg,2024,4,REG,NYG,DAL,Tyrone Tracy,TracTy00,4,2,0.5,0,0,0,
2024_04_DAL_NYG,202409260nyg,2024,4,REG,NYG,DAL,Eric Gray,GrayEr01,1,1,1,0,0,0,
2024_04_DAL_NYG,202409260nyg,2024,4,REG,NYG,DAL,Malik Nabers,NabeMa00,1,-4,-4,0,0,0,
2024_04_DAL_NYG,202409260nyg,2024,4,REG,DAL,NYG,Rico Dowdle,DowdRi01,11,24,2.2,22,2,0,
2024_04_DAL_NYG,202409260nyg,2024,4,REG,DAL,NYG,Ezekiel Elliott,ElliEz00,5,12,2.4,7,1.4,0,
2024_04_DAL_NYG,202409260nyg,2024,4,REG,DAL,NYG,CeeDee Lamb,LambCe00,3,0,0,8,2.7,0,
2024_04_DAL_NYG,202409260nyg,2024,4,REG,DAL,NYG,Hunter Luepke,LuepHu00,2,0,0,8,4,0,
2024_04_DAL_NYG,202409260nyg,2024,4,REG,DAL,NYG,Dak Prescott,PresDa01,2,-1,-0.5,0,0,0,
2024_04_NO_ATL,202409290atl,2024,4,REG,ATL,NO,Tyler Allgeier,AllgTy00,8,28,3.5,32,4,1,
2024_04_NO_ATL,202409290atl,2024,4,REG,ATL,NO,Bijan Robinson,RobiBi01,7,13,1.9,15,2.1,0,
2024_04_NO_ATL,202409290atl,2024,4,REG,NO,ATL,Alvin Kamara,KamaAl00,19,50,2.6,27,1.4,0,
2024_04_NO_ATL,202409290atl,2024,4,REG,NO,ATL,Taysom Hill,HillTa00,6,14,2.3,10,1.7,0,
2024_04_NO_ATL,202409290atl,2024,4,REG,NO,ATL,Derek Carr,CarrDe02,3,5,1.7,0,0,0,
2024_04_NO_ATL,202409290atl,2024,4,REG,NO,ATL,Jamaal Williams,WillJa06,3,3,1,8,2.7,0,
2024_04_NO_ATL,202409290atl,2024,4,REG,NO,ATL,Rashid Shaheed,ShahRa00,2,12,6,2,1,0,
2024_04_CIN_CAR,202409290car,2024,4,REG,CAR,CIN,Chuba Hubbard,HubbCh01,18,78,4.3,26,1.4,1,
2024_04_CIN_CAR,202409290car,2024,4,REG,CAR,CIN,Miles Sanders,SandMi01,6,19,3.2,13,2.2,1,
2024_04_CIN_CAR,202409290car,2024,4,REG,CAR,CIN,Andy Dalton,DaltAn00,3,9,3,0,0,0,
2024_04_CIN_CAR,202409290car,2024,4,REG,CAR,CIN,Xavier Legette,LegeXa00,2,10,5,0,0,0,
2024_04_CIN_CAR,202409290car,2024,4,REG,CIN,CAR,Chase Brown,BrowCh10,15,45,3,35,2.3,1,
2024_04_CIN_CAR,202409290car,2024,4,REG,CIN,CAR,Zack Moss,MossZa00,15,45,3,6,0.4,0,
2024_04_CIN_CAR,202409290car,2024,4,REG,CIN,CAR,Joe Burrow,BurrJo01,1,10,10,0,0,0,
2024_04_LA_CHI,202409290chi,2024,4,REG,CHI,LA,D'Andre Swift,SwifDA00,16,47,2.9,46,2.9,1,
2024_04_LA_CHI,202409290chi,2024,4,REG,CHI,LA,Roschon Johnson,JohnRo07,7,17,2.4,9,1.3,0,
2024_04_LA_CHI,202409290chi,2024,4,REG,CHI,LA,Caleb Williams,WillCa03,5,10,2,2,0.4,0,
2024_04_LA_CHI,202409290chi,2024,4,REG,LA,CHI,Kyren Williams,WillKy02,19,61,3.2,33,1.7,1,
2024_04_LA_CHI,202409290chi,2024,4,REG,LA,CHI,Ronnie Rivers,RiveRo01,6,16,2.7,10,1.7,0,
2024_04_LA_CHI,202409290chi,2024,4,REG,LA,CHI,Matthew Stafford,StafMa00,1,-1,-1,0,0,0,
2024_04_MIN_GB,202409290gnb,2024,4,REG,GB,MIN,Josh Jacobs,JacoJo01,9,28,3.1,23,2.6,1,
2024_04_MIN_GB,202409290gnb,2024,4,REG,GB,MIN,Emanuel Wilson,WilsEm00,8,10,1.3,17,2.1,0,
2024_04_MIN_GB,202409290gnb,2024,4,REG,GB,MIN,Jordan Love,LoveJo03,1,0,0,6,6,0,
2024_04_MIN_GB,202409290gnb,2024,4,REG,GB,MIN,Jayden Reed,ReedJa03,1,1,1,1,1,0,
2024_04_MIN_GB,202409290gnb,2024,4,REG,MIN,GB,Aaron Jones,JoneAa00,22,49,2.2,44,2,2,
2024_04_MIN_GB,202409290gnb,2024,4,REG,MIN,GB,Sam Darnold,DarnSa00,7,13,1.9,2,0.3,0,
2024_04_MIN_GB,202409290gnb,2024,4,REG,MIN,GB,Ty Chandler,ChanTy01,3,2,0.7,3,1,0,
2024_04_MIN_GB,202409290gnb,2024,4,REG,MIN,GB,Jordan Addison,AddiJo00,1,0,0,7,7,1,
2024_04_MIN_GB,202409290gnb,2024,4,REG,MIN,GB,Jalen Nailor,NailJa00,1,0,0,0,0,0,
2024_04_JAX_HOU,202409290htx,2024,4,REG,HOU,JAX,Cam Akers,AkerCa00,13,35,2.7,18,1.4,0,
2024_04_JAX_HOU,202409290htx,2024,4,REG,HOU,JAX,J.J. Taylor,TaylJJ01,6,14,2.3,4,0.7,0,
2024_04_JAX_HOU,202409290htx,2024,4,REG,HOU,JAX,C.J. Stroud,StroCJ00,3,17,5.7,0,0,0,
2024_04_JAX_HOU,202409290htx,2024,4,REG,HOU,JAX,Dare Ogunbowale,OgunDa00,2,5,2.5,2,1,0,
2024_04_JAX_HOU,202409290htx,2024,4,REG,HOU,JAX,Stefon Diggs,DiggSt00,1,6,6,0,0,0,
2024_04_JAX_HOU,202409290htx,2024,4,REG,HOU,JAX,Steven Sims,SimsSt00,1,0,0,0,0,0,
2024_04_JAX_HOU,202409290htx,2024,4,REG,JAX,HOU,Travis Etienne,EtieTr00,11,31,2.8,19,1.7,1,
2024_04_JAX_HOU,202409290htx,2024,4,REG,JAX,HOU,Tank Bigsby,BigsTa00,7,45,6.4,45,6.4,0,
2024_04_JAX_HOU,202409290htx,2024,4,REG,JAX,HOU,Trevor Lawrence,LawrTr00,3,3,1,2,0.7,0,
2024_04_JAX_HOU,202409290htx,2024,4,REG,JAX,HOU,D'Ernest Johnson,JohnDE04,2,0,0,0,0,0,
2024_04_JAX_HOU,202409290htx,2024,4,REG,JAX,HOU,Brian Thomas,ThomBr06,1,9,9,4,4,0,
2024_04_PIT_IND,202409290clt,2024,4,REG,IND,PIT,Jonathan Taylor,TaylJo02,21,44,2.1,44,2.1,1,
2024_04_PIT_IND,202409290clt,2024,4,REG,IND,PIT,Trey Sermon,SermTr00,5,3,0.6,5,1,0,
2024_04_PIT_IND,202409290clt,2024,4,REG,IND,PIT,Anthony Richardson,RichAn03,3,17,5.7,7,2.3,0,
2024_04_PIT_IND,202409290clt,2024,4,REG,IND,PIT,Joe Flacco,FlacJo00,2,3,1.5,0,0,0,
2024_04_PIT_IND,202409290clt,2024,4,REG,IND,PIT,Adonai Mitchell,MitcAd00,1,10,10,0,0,0,
2024_04_PIT_IND,202409290clt,2024,4,REG,PIT,IND,Najee Harris,HarrNa00,13,2,0.2,17,1.3,0,
2024_04_PIT_IND,202409290clt,2024,4,REG,PIT,IND,Justin Fields,FielJu00,10,35,3.5,20,2,0,
2024_04_PIT_IND,202409290clt,2024,4,REG,PIT,IND,Cordarrelle Patterson,PattCo00,6,18,3,25,4.2,0,
2024_04_PIT_IND,202409290clt,2024,4,REG,PIT,IND,Aaron Shampklin,ShamAa00,1,3,3,2,2,0,
2024_04_DEN_NYJ,202409290nyj,2024,4,REG,NYJ,DEN,Breece Hall,HallBr03,10,1,0.1,3,0.3,0,
2024_04_DEN_NYJ,202409290nyj,2024,4,REG,NYJ,DEN,Braelon Allen,AlleBr05,8,24,3,10,1.3,1,
2024_04_DEN_NYJ,202409290nyj,2024,4,REG,NYJ,DEN,Aaron Rodgers,RodgAa00,5,25,5,1,0.2,1,
2024_04_DEN_NYJ,202409290nyj,2024,4,REG,DEN,NYJ,Javonte Williams,WillJa10,16,46,2.9,31,1.9,1,
2024_04_DEN_NYJ,202409290nyj,2024,4,REG,DEN,NYJ,Jaleel McLaughlin,McLaJa00,9,25,2.8,21,2.3,2,
2024_04_DEN_NYJ,202409290nyj,2024,4,REG,DEN,NYJ,Bo Nix,NixxBo00,5,3,0.6,0,0,0,
2024_04_DEN_NYJ,202409290nyj,2024,4,REG,DEN,NYJ,Tyler Badie,BadiTy00,1,0,0,0,0,0,
2024_04_PHI_TB,202409290tam,2024,4,REG,TB,PHI,Bucky Irving,IrviBu00,10,22,2.2,27,2.7,0,
2024_04_PHI_TB,202409290tam,2024,4,REG,TB,PHI,Rachaad White,WhitRa01,10,21,2.1,28,2.8,1,
2024_04_PHI_TB,202409290tam,2024,4,REG,TB,PHI,Baker Mayfield,MayfBa00,4,9,2.3,1,0.3,0,
2024_04_PHI_TB,202409290tam,2024,4,REG,TB,PHI,Sean Tucker,TuckSe00,1,1,1,2,2,0,
2024_04_PHI_TB,202409290tam,2024,4,REG,PHI,TB,Saquon Barkley,BarkSa00,10,75,7.5,9,0.9,0,
2024_04_PHI_TB,202409290tam,2024,4,REG,PHI,TB,Jalen Hurts,HurtJa00,8,10,1.3,10,1.3,0,
2024_04_PHI_TB,202409290tam,2024,4,REG,PHI,TB,Kenneth Gainwell,GainKe00,2,6,3,3,1.5,0,
2024_04_WAS_ARI,202409290crd,2024,4,REG,ARI,WAS,James Conner,ConnJa00,18,65,3.6,39,2.2,1,
2024_04_WAS_ARI,202409290crd,2024,4,REG,ARI,WAS,Trey Benson,BensTr01,9,31,3.4,19,2.1,1,
2024_04_WAS_ARI,202409290crd,2024,4,REG,ARI,WAS,Emari Demercado,DemeEm00,4,19,4.8,5,1.3,0,
2024_04_WAS_ARI,202409290crd,2024,4,REG,ARI,WAS,Kyler Murray,MurrKy00,1,3,3,0,0,0,
2024_04_WAS_ARI,202409290crd,2024,4,REG,WAS,ARI,Brian Robinson Jr.,RobiBr01,21,39,1.9,62,3,0,
2024_04_WAS_ARI,202409290crd,2024,4,REG,WAS,ARI,Jayden Daniels,DaniJa02,8,40,5,7,0.9,1,
2024_04_WAS_ARI,202409290crd,2024,4,REG,WAS,ARI,Jeremy McNichols,McNiJe00,8,24,3,44,5.5,2,
2024_04_NE_SF,202409290sfo,2024,4,REG,SF,NE,Jordan Mason,MasoJo00,24,87,3.6,36,1.5,1,
2024_04_NE_SF,202409290sfo,2024,4,REG,SF,NE,Brock Purdy,PurdBr00,5,9,1.8,2,0.4,0,
2024_04_NE_SF,202409290sfo,2024,4,REG,SF,NE,Deebo Samuel,SamuDe00,2,13,6.5,1,0.5,0,
2024_04_NE_SF,202409290sfo,2024,4,REG,SF,NE,Isaac Guerendo,GuerIs00,1,0,0,0,0,0,
2024_04_NE_SF,202409290sfo,2024,4,REG,NE,SF,Rhamondre Stevenson,StevRh00,13,26,2,17,1.3,1,
2024_04_NE_SF,202409290sfo,2024,4,REG,NE,SF,Antonio Gibson,GibsAn00,6,6,1,6,1,1,
2024_04_NE_SF,202409290sfo,2024,4,REG,NE,SF,Jamycal Hasty,HastJa02,3,11,3.7,4,1.3,0,
2024_04_NE_SF,202409290sfo,2024,4,REG,NE,SF,Jacoby Brissett,BrisJa00,2,2,1,1,0.5,0,
2024_04_KC_LAC,202409290sdg,2024,4,REG,LAC,KC,J.K. Dobbins,DobbJK00,14,15,1.1,17,1.2,1,
2024_04_KC_LAC,202409290sdg,2024,4,REG,LAC,KC,Gus Edwards,EdwaGu00,6,7,1.2,12,2,1,
2024_04_KC_LAC,202409290sdg,2024,4,REG,LAC,KC,Justin Herbert,HerbJu00,3,-1,-0.3,1,0.3,0,
2024_04_KC_LAC,202409290sdg,2024,4,REG,LAC,KC,Quentin Johnston,JohnQu02,1,0,0,4,4,1,
2024_04_KC_LAC,202409290sdg,2024,4,REG,KC,LAC,Kareem Hunt,HuntKa00,14,34,2.4,35,2.5,2,
2024_04_KC_LAC,202409290sdg,2024,4,REG,KC,LAC,Patrick Mahomes,MahoPa00,5,10,2,2,0.4,0,
2024_04_KC_LAC,202409290sdg,2024,4,REG,KC,LAC,Samaje Perine,PeriSa00,5,7,1.4,7,1.4,0,
2024_04_KC_LAC,202409290sdg,2024,4,REG,KC,LAC,Carson Steele,SteeCa00,2,4,2,2,1,0,
2024_04_CLE_LV,202409290rai,2024,4,REG,LV,CLE,Zamir White,WhitZa01,17,23,1.4,27,1.6,1,
2024_04_CLE_LV,202409290rai,2024,4,REG,LV,CLE,Alexander Mattison,MattAl01,5,32,6.4,28,5.6,3,
2024_04_CLE_LV,202409290rai,2024,4,REG,LV,CLE,Tyreik McAllister,McAlTy00,2,9,4.5,2,1,0,
2024_04_CLE_LV,202409290rai,2024,4,REG,LV,CLE,Gardner Minshew II,MinsGa00,2,-2,-1,0,0,0,
2024_04_CLE_LV,202409290rai,2024,4,REG,LV,CLE,Brock Bowers,BoweBr01,1,0,0,12,12,1,
2024_04_CLE_LV,202409290rai,2024,4,REG,LV,CLE,Tre Tucker,TuckTr00,1,3,3,0,0,0,
2024_04_CLE_LV,202409290rai,2024,4,REG,LV,CLE,DJ Turner,TurnDJ00,1,0,0,18,18,2,
2024_04_CLE_LV,202409290rai,2024,4,REG,CLE,LV,Jerome Ford,FordJe00,10,12,1.2,46,4.6,1,
2024_04_CLE_LV,202409290rai,2024,4,REG,CLE,LV,Deshaun Watson,WatsDe00,8,30,3.8,2,0.3,0,
2024_04_CLE_LV,202409290rai,2024,4,REG,CLE,LV,D'Onta Foreman,ForeDO00,4,0,0,2,0.5,0,
2024_04_BUF_BAL,202409290rav,2024,4,REG,BAL,BUF,Derrick Henry,HenrDe00,24,154,6.4,45,1.9,1,
2024_04_BUF_BAL,202409290rav,2024,4,REG,BAL,BUF,Lamar Jackson,JackLa00,6,42,7,12,2,0,
2024_04_BUF_BAL,202409290rav,2024,4,REG,BAL,BUF,Justice Hill,HillJu00,4,8,2,10,2.5,0,
2024_04_BUF_BAL,202409290rav,2024,4,REG,BUF,BAL,James Cook,CookJa01,9,19,2.1,20,2.2,0,
2024_04_BUF_BAL,202409290rav,2024,4,REG,BUF,BAL,Ray Davis,DaviRa04,7,0,0,11,1.6,0,
2024_04_BUF_BAL,202409290rav,2024,4,REG,BUF,BAL,Josh Allen,AlleJo02,5,12,2.4,9,1.8,0,
2024_04_BUF_BAL,202409290rav,2024,4,REG,BUF,BAL,Ty Johnson,JohnTy02,1,3,3,0,0,0,
2024_04_BUF_BAL,202409290rav,2024,4,REG,BUF,BAL,Curtis Samuel,SamuCu00,1,3,3,4,4,0,
2024_04_TEN_MIA,202409300mia,2024,4,REG,MIA,TEN,De'Von Achane,AchaDe00,10,4,0.4,11,1.1,0,
2024_04_TEN_MIA,202409300mia,2024,4,REG,MIA,TEN,Jaylen Wright,WrigJa04,9,19,2.1,13,1.4,2,
2024_04_TEN_MIA,202409300mia,2024,4,REG,MIA,TEN,Tyler Huntley,HuntTy01,8,34,4.3,6,0.8,0,
2024_04_TEN_MIA,202409300mia,2024,4,REG,MIA,TEN,Tyreek Hill,HillTy00,3,19,6.3,0,0,0,
2024_04_TEN_MIA,202409300mia,2024,4,REG,TEN,MIA,Tony Pollard,PollTo00,22,54,2.5,34,1.5,3,
2024_04_TEN_MIA,202409300mia,2024,4,REG,TEN,MIA,Tyjae Spears,SpeaTy00,15,10,0.7,29,1.9,3,
2024_04_TEN_MIA,202409300mia,2024,4,REG,TEN,MIA,Will Levis,LeviWi00,2,1,0.5,4,2,0,
2024_04_TEN_MIA,202409300mia,2024,4,REG,TEN,MIA,Calvin Ridley,RidlCa00,1,5,5,5,5,0,
2024_04_SEA_DET,202409300det,2024,4,REG,DET,SEA,Jahmyr Gibbs,GibbJa01,14,56,4,22,1.6,0,
2024_04_SEA_DET,202409300det,2024,4,REG,DET,SEA,David Montgomery,MontDa01,12,25,2.1,15,1.3,1,
2024_04_SEA_DET,202409300det,2024,4,REG,DET,SEA,Jared Goff,GoffJa00,2,-2,-1,0,0,0,
2024_04_SEA_DET,202409300det,2024,4,REG,SEA,DET,Kenneth Walker III,WalkKe00,12,30,2.5,50,4.2,1,
2024_04_SEA_DET,202409300det,2024,4,REG,SEA,DET,Geno Smith,SmitGe00,5,34,6.8,4,0.8,0,
2024_04_SEA_DET,202409300det,2024,4,REG,SEA,DET,Zach Charbonnet,CharZa00,2,6,3,9,4.5,0,
2024_05_TB_ATL,202410030atl,2024,5,REG,ATL,TB,Bijan Robinson,RobiBi01,12,20,1.7,41,3.4,1,
2024_05_TB_ATL,202410030atl,2024,5,REG,ATL,TB,Tyler Allgeier,AllgTy00,6,7,1.2,5,0.8,0,
2024_05_TB_ATL,202410030atl,2024,5,REG,TB,ATL,Rachaad White,WhitRa01,10,16,1.6,56,5.6,0,
2024_05_TB_ATL,202410030atl,2024,5,REG,TB,ATL,Bucky Irving,IrviBu00,9,26,2.9,18,2,0,
2024_05_TB_ATL,202410030atl,2024,5,REG,TB,ATL,Baker Mayfield,MayfBa00,6,41,6.8,1,0.2,0,
2024_05_TB_ATL,202410030atl,2024,5,REG,TB,ATL,Chris Godwin,GodwCh00,1,1,1,1,1,0,
